,train_loss,valid_loss,best_valid_loss,timestamp,checkpoint_dir_name,should_checkpoint,done,training_iteration,trial_id,date,time_this_iter_s,time_total_s,pid,hostname,node_ip,time_since_restore,iterations_since_restore,config/batch_size,config/learning_rate,config/down_sampling_method,config/d_model,config/decomp_method,config/moving_avg,config/e_layers,config/dropout,config/d_ff,config/alpha_d_ff,logdir
0,0.649110053406387,1.6154834255576134,1.6154834255576134,1724536018,checkpoint_000001,True,False,2,c7346547,2024-08-24_23-46-58,1.020944356918335,2.702364921569824,1617273,antonio,192.168.1.144,2.702364921569824,2,128,0.01,avg,16,moving_avg,25.0,2,0.1,32,2,c7346547
1,0.6207055034207516,1.5983911281201377,1.5983911281201377,1724536028,checkpoint_000001,True,False,2,9c1e3ef9,2024-08-24_23-47-08,3.335334539413452,7.479886293411255,1617580,antonio,192.168.1.144,7.479886293411255,2,32,0.0023054601576715525,conv,16,dft_decomp,,3,0.10805265170849054,64,4,9c1e3ef9
2,0.594406102524429,1.5946571844996829,1.5784730351332463,1724536084,checkpoint_000005,True,True,6,d6226df9,2024-08-24_23-48-04,3.9678969383239746,25.09825086593628,1618903,antonio,192.168.1.144,16.5069363117218,4,64,0.000892991124088706,avg,64,moving_avg,15.0,3,0.09871205697651537,192,3,d6226df9
3,0.6483888122879091,1.6012613141175471,1.6012613141175471,1724536055,checkpoint_000001,True,False,2,84f48aa1,2024-08-24_23-47-35,6.183530569076538,13.183238983154297,1618092,antonio,192.168.1.144,13.183238983154297,2,64,0.00157875512705329,conv,128,dft_decomp,,2,0.1373956631376794,384,3,84f48aa1
4,0.5943505045820455,1.5969524798971233,1.5904130574428674,1724536066,checkpoint_000005,True,False,6,6383eb1e,2024-08-24_23-47-46,1.36147141456604,8.845398187637329,1618363,antonio,192.168.1.144,8.845398187637329,6,64,0.0019351104492971506,avg,8,moving_avg,25.0,2,0.11866451479783081,16,2,6383eb1e
5,1.372139594593986,2.50774684548378,1.9833263978362083,1724536200,checkpoint_000003,True,True,4,6805db47,2024-08-24_23-50-00,27.965553283691406,113.50321125984192,1619323,antonio,192.168.1.144,113.50321125984192,4,128,0.007846204854903772,conv,512,dft_decomp,,2,0.09138395775177267,1536,3,6805db47
6,0.587171697225727,1.6192230470478535,1.6032389365136623,1724536234,checkpoint_000005,True,False,6,1c59292d,2024-08-24_23-50-34,5.164572238922119,31.82485818862915,1620037,antonio,192.168.1.144,31.82485818862915,6,128,0.0033987590186018305,avg,64,dft_decomp,,4,0.0818741926999945,192,3,1c59292d
7,0.5134379375176351,1.6689948234985124,1.611156605962497,1724536259,checkpoint_000005,True,True,6,76ca8f96,2024-08-24_23-50-59,3.4184045791625977,22.05771279335022,1620643,antonio,192.168.1.144,22.05771279335022,6,32,0.003643081129953786,conv,32,dft_decomp,,3,0.15188648386064882,96,3,76ca8f96
8,0.5622947899232369,1.5783447777783428,1.568632342197277,1724536374,checkpoint_000004,True,True,5,722551ae,2024-08-24_23-52-54,22.640352487564087,113.59187245368958,1621222,antonio,192.168.1.144,113.59187245368958,5,16,0.0006777561947145852,avg,256,moving_avg,75.0,3,0.1031939422525546,1024,4,722551ae
9,0.618191624762582,1.5872386766202522,1.5872386766202522,1724536388,checkpoint_000005,True,False,6,7dfd1636,2024-08-24_23-53-08,1.7003321647644043,11.365256071090698,1622005,antonio,192.168.1.144,11.365256071090698,6,64,0.0013770033902370893,conv,8,dft_decomp,,3,0.09409776375780991,24,3,7dfd1636
10,0.6133947086627366,1.565439014292475,1.565439014292475,1724536506,checkpoint_000005,True,True,6,27350183,2024-08-24_23-55-06,19.30838680267334,116.63300514221191,1622554,antonio,192.168.1.144,116.63300514221191,6,32,0.001317086582097732,avg,512,dft_decomp,,1,0.09419795423527533,1536,3,27350183
11,0.6175924969501183,1.6169592514634132,1.6169592514634132,1724536520,checkpoint_000005,True,True,6,87589352,2024-08-24_23-55-20,1.8155090808868408,11.71909499168396,1623412,antonio,192.168.1.144,11.71909499168396,6,128,0.0010749840537648755,conv,32,dft_decomp,,2,0.0790773066102313,128,4,87589352
12,0.5496033569339847,1.6152799833904614,1.5860962614868626,1724536533,checkpoint_000005,True,False,6,a955f810,2024-08-24_23-55-33,1.62066650390625,10.678574800491333,1623964,antonio,192.168.1.144,10.678574800491333,6,64,0.0073676232994252825,avg,8,moving_avg,35.0,3,0.11149680014511425,24,3,a955f810
13,0.5324953837228603,1.6238134619015365,1.6128619055249798,1724536556,checkpoint_000005,True,True,6,403e2c78,2024-08-24_23-55-56,3.182295560836792,19.89283561706543,1624510,antonio,192.168.1.144,19.89283561706543,6,32,0.0031440775136024795,avg,32,moving_avg,35.0,3,0.08773600282202695,128,4,403e2c78
14,5262.261096641666,256.67597579956055,1.9840227663516998,1724536672,checkpoint_000002,True,True,3,a68efd9d,2024-08-24_23-57-52,37.90192127227783,114.56803798675537,1625083,antonio,192.168.1.144,114.56803798675537,3,128,0.0087861420391832,avg,512,moving_avg,75.0,3,0.12501864243720656,1024,2,a68efd9d
15,1576277470364453.8,2998626000528601.0,1.7737762891885005,1724536783,checkpoint_000005,True,True,6,98bb4ea3,2024-08-24_23-59-43,17.854482650756836,107.97365260124207,1625728,antonio,192.168.1.144,107.97365260124207,6,64,0.011387741123906897,conv,256,moving_avg,15.0,4,0.10838252501956756,512,2,98bb4ea3
16,0.46893043301100623,1.6634537688008062,1.5623777407187003,1724536817,checkpoint_000005,True,False,6,0294cfe1,2024-08-25_00-00-17,5.113575220108032,32.059728384017944,1626562,antonio,192.168.1.144,32.059728384017944,6,16,0.00953305722976924,avg,64,dft_decomp,,2,0.07178611843667057,192,3,0294cfe1
17,0.6196025424316282,1.6190619580447674,1.6190619580447674,1724536920,checkpoint_000004,True,True,5,41b35ec1,2024-08-25_00-02-00,20.21001172065735,101.3134400844574,1627212,antonio,192.168.1.144,101.3134400844574,5,128,0.001242942573784811,conv,256,moving_avg,25.0,4,0.09223794419115351,768,3,41b35ec1
18,0.4336720292431689,1.6030230950426172,1.5807996692480863,1724536969,checkpoint_000005,True,True,6,a1120616,2024-08-25_00-02-49,7.779771327972412,46.987022399902344,1627960,antonio,192.168.1.144,46.987022399902344,6,16,0.0020127898045893297,conv,128,dft_decomp,,2,0.1078824436353456,384,3,a1120616
19,0.6032815583522578,1.562656334594444,1.562656334594444,1724537030,checkpoint_000005,True,False,6,b479d4b6,2024-08-25_00-03-50,9.825026988983154,59.54174757003784,1628609,antonio,192.168.1.144,59.54174757003784,6,16,0.005450012362828051,avg,128,dft_decomp,,3,0.10236089725478141,384,3,b479d4b6
20,0.6396813363325401,1.6366771720349789,1.6366771720349789,1724537138,checkpoint_000004,True,True,5,953a47ea,2024-08-25_00-05-38,20.874536752700806,104.95485353469849,1629301,antonio,192.168.1.144,104.95485353469849,5,128,0.0017790861949191115,avg,512,moving_avg,35.0,1,0.1040263100290234,2048,4,953a47ea
21,0.5685760547656467,1.6054795799431978,1.5769962544794436,1724537174,checkpoint_000005,True,True,6,b50433e1,2024-08-25_00-06-14,5.441922426223755,34.24326014518738,1630057,antonio,192.168.1.144,34.24326014518738,6,16,0.0009625551993081033,avg,16,dft_decomp,,3,0.11852683183630873,48,3,b50433e1
22,0.6093633213981253,1.5890278256300725,1.585956264625896,1724537187,checkpoint_000005,True,False,6,71761de9,2024-08-25_00-06-27,1.6499593257904053,11.073163986206055,1630671,antonio,192.168.1.144,11.073163986206055,6,64,0.002247449005391667,avg,8,dft_decomp,,3,0.1022129627593339,24,3,71761de9
23,0.3392522735464061,1.6513195333657442,1.5497846497429741,1724537248,checkpoint_000005,True,True,6,5027d55f,2024-08-25_00-07-28,9.843724489212036,59.63553237915039,1631220,antonio,192.168.1.144,59.63553237915039,6,16,0.004088098275896603,conv,128,dft_decomp,,3,0.07732190337378124,384,3,5027d55f
24,0.6059909736523863,1.5957455978249058,1.5940522677970654,1724537264,checkpoint_000005,True,False,6,0e90408f,2024-08-25_00-07-44,2.0048067569732666,12.936181545257568,1631908,antonio,192.168.1.144,12.936181545257568,6,64,0.0008905456258060155,avg,32,dft_decomp,,2,0.10421037980054702,128,4,0e90408f
25,0.5417398047959147,1.600152975100058,1.5889108688743026,1724537301,checkpoint_000005,True,True,6,dfe2b2db,2024-08-25_00-08-21,6.041644334793091,35.65499472618103,1632460,antonio,192.168.1.144,35.65499472618103,6,16,0.0013548755805107607,avg,32,dft_decomp,,3,0.09803074176876775,128,4,dfe2b2db
26,0.5603541605677341,1.6602314534010711,1.6116046848120513,1724537326,checkpoint_000005,True,False,6,5fd26eea,2024-08-25_00-08-46,3.636435031890869,22.77198362350464,1633081,antonio,192.168.1.144,22.77198362350464,6,16,0.0013053303088613312,conv,16,dft_decomp,,1,0.07785685337577472,32,2,5fd26eea
27,0.5238761708873217,1.6282893256707625,1.6080891273238442,1724537338,checkpoint_000005,True,True,6,cff3b2a2,2024-08-25_00-08-58,1.3879566192626953,9.282183647155762,1633660,antonio,192.168.1.144,9.282183647155762,6,64,0.01066889876254848,conv,8,moving_avg,25.0,2,0.0803098247361213,24,3,cff3b2a2
28,0.6254241339495925,1.618287242949009,1.618287242949009,1724537347,checkpoint_000005,True,False,6,cf646ab8,2024-08-25_00-09-07,1.1881153583526611,7.757396459579468,1634203,antonio,192.168.1.144,7.757396459579468,6,128,0.0009174870675905744,conv,16,moving_avg,75.0,2,0.09390111274300603,64,4,cf646ab8
29,0.6579805886159178,1.6527360677719116,1.6527360677719116,1724537355,checkpoint_000005,True,True,6,3421e0fa,2024-08-25_00-09-15,0.7473483085632324,5.146230697631836,1634743,antonio,192.168.1.144,5.146230697631836,6,128,0.0006990489281188954,conv,8,moving_avg,25.0,1,0.08421195593805939,24,3,3421e0fa
30,0.5639273526727177,1.6182883309595513,1.5853169054696055,1724537366,checkpoint_000005,True,False,6,6ca79b51,2024-08-25_00-09-26,1.3544261455535889,9.216504573822021,1635271,antonio,192.168.1.144,9.216504573822021,6,64,0.002728006734251387,avg,16,moving_avg,15.0,2,0.06690147535424099,32,2,6ca79b51
31,0.47767569698759765,1.609711913030539,1.5845135770626921,1724537438,checkpoint_000005,True,True,6,1f9c6c83,2024-08-25_00-10-38,11.739304304122925,70.73467373847961,1635815,antonio,192.168.1.144,70.73467373847961,6,32,0.0019597614256863247,conv,128,moving_avg,75.0,4,0.10977791287466174,384,3,1f9c6c83
32,0.6554436664112279,1.6649468541145325,1.6649468541145325,1724537453,checkpoint_000005,True,False,6,b3cd23b3,2024-08-25_00-10-53,1.9013447761535645,12.28514814376831,1636539,antonio,192.168.1.144,12.28514814376831,6,128,0.0007413272011063462,conv,16,dft_decomp,,4,0.11729279968265204,48,3,b3cd23b3
33,0.5867420290825797,1.6011399319677642,1.5926616155739985,1724537465,checkpoint_000005,True,True,6,5a91028c,2024-08-25_00-11-05,1.732879400253296,10.776591062545776,1637091,antonio,192.168.1.144,10.776591062545776,6,64,0.003041392330895162,avg,8,moving_avg,25.0,3,0.09188971521439535,16,2,5a91028c
34,0.5546784982329509,1.6173376820304177,1.594259464379513,1724537487,checkpoint_000005,True,False,6,3cf0c48e,2024-08-25_00-11-27,3.163823366165161,19.690199851989746,1637637,antonio,192.168.1.144,19.690199851989746,6,64,0.0032347109526265658,avg,32,moving_avg,75.0,4,0.12230087001685547,96,3,3cf0c48e
35,0.6232797532785134,1.611850948044748,1.611850948044748,1724537502,checkpoint_000005,True,True,6,cd6cb33a,2024-08-25_00-11-42,1.9149351119995117,12.72188401222229,1638212,antonio,192.168.1.144,12.72188401222229,6,64,0.0005441253571011339,conv,8,moving_avg,75.0,4,0.05666945908313464,24,3,cd6cb33a
36,0.6056292174292393,1.5978202857077122,1.5932924151420593,1724537543,checkpoint_000005,True,False,6,5229c76d,2024-08-25_00-12-23,6.25570273399353,38.26988959312439,1638767,antonio,192.168.1.144,38.26988959312439,6,128,0.0017261510623806768,avg,128,dft_decomp,,2,0.0683447526412064,512,4,5229c76d
37,0.6076266305456376,1.5712299700136538,1.5690031674173144,1724537647,checkpoint_000004,True,True,5,e6c72ca5,2024-08-25_00-14-07,20.313759326934814,102.17165160179138,1639391,antonio,192.168.1.144,102.17165160179138,5,16,0.0014560946402965413,avg,512,dft_decomp,,1,0.06558428872138604,1536,3,e6c72ca5
38,0.6347668434752792,1.6259252279996872,1.6259252279996872,1724537675,checkpoint_000005,True,True,6,8139ed89,2024-08-25_00-14-35,4.235793113708496,26.21600103378296,1640137,antonio,192.168.1.144,26.21600103378296,6,128,0.0007261137270715048,avg,128,dft_decomp,,1,0.12048863754363699,512,4,8139ed89
39,0.570756019563519,1.5900267879168193,1.5837041717988474,1724537710,checkpoint_000005,True,False,6,604c7a8d,2024-08-25_00-15-10,5.431244373321533,33.0190269947052,1640728,antonio,192.168.1.144,33.0190269947052,6,16,0.0012097657749695666,conv,128,moving_avg,55.0,1,0.11450445956529968,256,2,604c7a8d
40,0.5607095243500881,1.631546772238034,1.5762911892648954,1724537743,checkpoint_000005,True,True,6,67edb20d,2024-08-25_00-15-43,5.015518665313721,30.97451949119568,1641337,antonio,192.168.1.144,30.97451949119568,6,32,0.001047433259968398,conv,64,dft_decomp,,3,0.07469270624020742,192,3,67edb20d
41,1334595112449.047,45993660018414.93,1.627386591611085,1724537855,checkpoint_000003,True,True,4,b4dcf03c,2024-08-25_00-17-35,27.46749711036682,110.41118860244751,1641943,antonio,192.168.1.144,110.41118860244751,4,16,0.004044769368012603,conv,256,moving_avg,55.0,4,0.08149721152697212,1024,4,b4dcf03c
42,0.5642162986206375,1.6599458597324512,1.570169488147453,1724537883,checkpoint_000005,True,False,6,8fb94d09,2024-08-25_00-18-03,4.0222907066345215,25.10505771636963,1642653,antonio,192.168.1.144,25.10505771636963,6,16,0.000660102159235081,conv,64,dft_decomp,,1,0.07098678299786555,256,4,8fb94d09
43,0.5363376448388959,1.5838271806489175,1.580154982965384,1724537907,checkpoint_000005,True,True,6,4208531f,2024-08-25_00-18-27,3.3910462856292725,22.39010787010193,1643241,antonio,192.168.1.144,22.39010787010193,6,32,0.0021316692204827728,avg,16,moving_avg,25.0,4,0.06477033598560059,64,4,4208531f
44,0.735603430476345,1.8662996639066667,1.8579252104261028,1724538041,checkpoint_000003,True,True,4,e1a95b02,2024-08-25_00-20-41,32.90036153793335,132.31962633132935,1643817,antonio,192.168.1.144,132.31962633132935,4,32,0.0020515821273217366,conv,512,moving_avg,15.0,2,0.09015445236869958,2048,4,e1a95b02
45,0.6096178499645875,1.5622582053070637,1.5622582053070637,1724538150,checkpoint_000005,True,True,6,00de41b1,2024-08-25_00-22-30,17.747822523117065,107.45639753341675,1644585,antonio,192.168.1.144,107.45639753341675,6,32,0.001578898680043786,avg,512,dft_decomp,,1,0.06818416393235435,1024,2,00de41b1
46,1.8599921037146605e+21,2.4993712725517232e+20,1.878548174651701,1724538254,checkpoint_000001,True,True,2,fe841f88,2024-08-25_00-24-14,50.158385038375854,101.56268453598022,1645422,antonio,192.168.1.144,101.56268453598022,2,32,0.011527180377974103,avg,512,dft_decomp,,4,0.11212325770814631,1536,3,fe841f88
47,0.5220140455687632,1.6391376096810868,1.5807514101711673,1724538269,checkpoint_000005,True,False,6,e9eb44fe,2024-08-25_00-24-29,1.837503433227539,11.7933988571167,1645959,antonio,192.168.1.144,11.7933988571167,6,32,0.010361935560553254,avg,16,moving_avg,15.0,1,0.0831212522287862,48,3,e9eb44fe
48,0.6114896774047711,1.578475567831922,1.578475567831922,1724538288,checkpoint_000005,True,True,6,2e6c985e,2024-08-25_00-24-48,2.680039405822754,17.23086714744568,1646508,antonio,192.168.1.144,17.23086714744568,6,32,0.0005337887888606799,conv,32,moving_avg,75.0,2,0.061946538160938175,96,3,2e6c985e
49,0.3610231337732956,1.8691404301728776,1.5865596959840005,1724538319,checkpoint_000005,True,False,6,dbb8f3dc,2024-08-25_00-25-19,4.817155122756958,29.405669450759888,1647072,antonio,192.168.1.144,29.405669450759888,6,32,0.010018115129113067,avg,64,moving_avg,25.0,3,0.09230159806643158,256,4,dbb8f3dc
50,0.4653515123394613,1.630981848858021,1.5749369382858276,1724538365,checkpoint_000005,True,True,6,0592615c,2024-08-25_00-26-05,7.224318742752075,43.7956109046936,1647672,antonio,192.168.1.144,43.7956109046936,6,16,0.00280693312135689,avg,128,dft_decomp,,2,0.12895158540643908,256,2,0592615c
51,0.4687348820558599,1.5852753793751753,1.5756563875410292,1724538481,checkpoint_000005,True,True,6,f3d76bb8,2024-08-25_00-28-01,18.928455352783203,113.97390270233154,1648314,antonio,192.168.1.144,113.97390270233154,6,16,0.0015183762604906719,avg,256,moving_avg,25.0,3,0.06552338457524588,768,3,f3d76bb8
52,0.6021577308758148,1.560822539417832,1.560822539417832,1724538518,checkpoint_000005,True,False,6,82cc486b,2024-08-25_00-28-38,5.8438401222229,35.759485960006714,1649165,antonio,192.168.1.144,35.759485960006714,6,16,0.0006652072243374324,conv,128,moving_avg,55.0,1,0.11487234663089657,512,4,82cc486b
53,0.5937445095328034,1.6029336615042253,1.5956349156119607,1724538528,checkpoint_000005,True,True,6,d3181ad1,2024-08-25_00-28-48,1.050083875656128,7.1479291915893555,1649785,antonio,192.168.1.144,7.1479291915893555,6,64,0.003498701097869623,avg,8,moving_avg,75.0,1,0.12196564902865202,32,4,d3181ad1
54,0.5124110461256499,1.6907382236586677,1.6469936737307795,1724538573,checkpoint_000005,True,False,6,c0565980,2024-08-25_00-29-33,6.9377453327178955,43.02715611457825,1650322,antonio,192.168.1.144,43.02715611457825,6,16,0.0018726330164389438,conv,8,dft_decomp,,4,0.0849397366754615,32,4,c0565980
55,412377.97771516396,682495.7266791045,1.6269014362078995,1724538649,checkpoint_000005,True,True,6,d494ce34,2024-08-25_00-30-49,12.25586986541748,73.98827004432678,1650963,antonio,192.168.1.144,73.98827004432678,6,32,0.009213295587256512,conv,256,moving_avg,35.0,2,0.03096260077530759,512,2,d494ce34
56,0.6306710878356558,1.6102937757968903,1.6102937757968903,1724538800,checkpoint_000002,True,True,3,77ba6134,2024-08-25_00-33-20,49.52473497390747,149.0291874408722,1651695,antonio,192.168.1.144,149.0291874408722,3,128,0.0020327807404053,avg,512,moving_avg,75.0,3,0.09673793866303355,2048,4,77ba6134
57,0.5547038852924207,1.61788858228655,1.5881380598936508,1724538842,checkpoint_000005,True,False,6,3c9b4a58,2024-08-25_00-34-02,6.520853519439697,39.767085790634155,1652438,antonio,192.168.1.144,39.767085790634155,6,32,0.0007995741292443721,conv,128,moving_avg,25.0,2,0.09571023454453312,384,3,3c9b4a58
58,0.583748754907827,1.6244368842153838,1.6095975854180076,1724538852,checkpoint_000005,True,True,6,d372a253,2024-08-25_00-34-12,1.1266446113586426,7.784804582595825,1653071,antonio,192.168.1.144,7.784804582595825,6,64,0.004088110026953001,conv,8,dft_decomp,,1,0.09384089356932193,32,4,d372a253
59,0.5707254685827943,1.5993416959589177,1.571904278162754,1724538945,checkpoint_000005,True,False,6,f1deb534,2024-08-25_00-35-45,15.116896390914917,91.58303165435791,1653608,antonio,192.168.1.144,91.58303165435791,6,64,0.0015691445937911321,avg,256,dft_decomp,,3,0.1647096122680386,512,2,f1deb534
60,0.5328938735530908,1.6260949178978248,1.5864848415056865,1724538973,checkpoint_000005,True,True,6,b396afff,2024-08-25_00-36-13,4.15757417678833,25.614117860794067,1654396,antonio,192.168.1.144,25.614117860794067,6,16,0.0025316123649298072,conv,64,dft_decomp,,1,0.14272268743562366,192,3,b396afff
61,0.5908835080803417,1.6345827616751194,1.6215388365089893,1724538982,checkpoint_000005,True,False,6,1d8accca,2024-08-25_00-36-22,0.9118938446044922,6.2430689334869385,1654987,antonio,192.168.1.144,6.2430689334869385,6,128,0.005597495730848929,avg,16,dft_decomp,,1,0.11858548251484465,32,2,1d8accca
62,0.5813745484977472,1.6253489364277234,1.613959419004845,1724538993,checkpoint_000005,True,True,6,dd1b9973,2024-08-25_00-36-33,1.459963083267212,9.067363739013672,1655518,antonio,192.168.1.144,9.067363739013672,6,64,0.0020363702435819294,conv,8,moving_avg,25.0,2,0.06831127355681374,32,4,dd1b9973
63,0.5684932196726564,1.636851754039526,1.605201955884695,1724539024,checkpoint_000005,True,False,6,d075b00d,2024-08-25_00-37-04,4.746433734893799,29.272860765457153,1656061,antonio,192.168.1.144,29.272860765457153,6,128,0.005138559234277688,conv,64,dft_decomp,,4,0.10143810968934519,128,2,d075b00d
64,0.6056243435281222,1.6048549233060894,1.5973167744549839,1724539033,checkpoint_000005,True,True,6,7b1e5700,2024-08-25_00-37-13,1.1187896728515625,7.600263357162476,1656658,antonio,192.168.1.144,7.600263357162476,6,64,0.0021926660098176625,conv,8,dft_decomp,,1,0.1033152436848082,32,4,7b1e5700
65,0.5011391027207754,1.6817708474618418,1.6159475458992851,1724539060,checkpoint_000005,True,False,6,7955ca02,2024-08-25_00-37-40,3.8967039585113525,23.84015989303589,1657198,antonio,192.168.1.144,23.84015989303589,6,16,0.0046450959167673314,conv,64,moving_avg,55.0,1,0.08874528775886467,192,3,7955ca02
66,0.6038986698525851,1.5847204513847828,1.5840216875076294,1724539076,checkpoint_000005,True,True,6,eb6329ed,2024-08-25_00-37-56,2.262192726135254,14.403439044952393,1657783,antonio,192.168.1.144,14.403439044952393,6,128,0.0016552508914379727,avg,64,dft_decomp,,1,0.10117710114305487,256,4,eb6329ed
67,0.3699980071595354,1.5941123150013112,1.5675280345810785,1724539128,checkpoint_000005,True,False,6,148de921,2024-08-25_00-38-48,7.843340158462524,49.18441653251648,1658342,antonio,192.168.1.144,49.18441653251648,6,16,0.008981805956229634,avg,64,dft_decomp,,4,0.08832952677751184,192,3,148de921
68,0.5646677026983167,1.6524587534368038,1.5972059816122055,1724539150,checkpoint_000005,True,True,6,ac3ad5da,2024-08-25_00-39-10,3.295336961746216,20.65505051612854,1659000,antonio,192.168.1.144,20.65505051612854,6,128,0.004025893313330313,conv,64,dft_decomp,,2,0.07982097193189557,256,4,ac3ad5da
69,0.527746047649403,1.6075186950189095,1.5868741375428659,1724539192,checkpoint_000005,True,False,6,e652246a,2024-08-25_00-39-52,6.333315134048462,38.82747936248779,1659576,antonio,192.168.1.144,38.82747936248779,6,16,0.0014555873911059527,avg,64,moving_avg,75.0,3,0.09870312749766834,128,2,e652246a
70,0.6141723056756158,1.573989780302401,1.573989780302401,1724539230,checkpoint_000005,True,True,6,c08954d5,2024-08-25_00-40-30,6.052781820297241,35.87290334701538,1660205,antonio,192.168.1.144,35.87290334701538,6,16,0.0005277422480820213,conv,8,dft_decomp,,3,0.11515528956928928,24,3,c08954d5
71,0.5570069756664213,1.6779840178787708,1.6070567965507507,1724539259,checkpoint_000005,True,False,6,d1b7719a,2024-08-25_00-40-59,4.44139289855957,27.164976835250854,1660823,antonio,192.168.1.144,27.164976835250854,6,128,0.005680259154215476,avg,64,moving_avg,75.0,3,0.08878869047005811,256,4,d1b7719a
72,0.5860334634780884,1.629549115896225,1.6257101334631443,1724539272,checkpoint_000005,True,True,6,54d06f3b,2024-08-25_00-41-12,1.8004281520843506,11.668370246887207,1661417,antonio,192.168.1.144,11.668370246887207,6,128,0.0040428721030989516,conv,16,dft_decomp,,4,0.08717097460584237,32,2,54d06f3b
73,0.5891955895502059,1.6298184841871262,1.609620526432991,1724539281,checkpoint_000005,True,False,6,703a560b,2024-08-25_00-41-21,0.8713407516479492,5.979887008666992,1661966,antonio,192.168.1.144,5.979887008666992,6,128,0.006433444901094521,conv,8,moving_avg,25.0,2,0.048304510095863354,24,3,703a560b
74,0.5680132270103595,1.6121496931830448,1.5741919261306079,1724539377,checkpoint_000005,True,True,6,9d5c16cc,2024-08-25_00-42-57,15.629573583602905,94.14559054374695,1662500,antonio,192.168.1.144,94.14559054374695,6,32,0.0011582397162291256,avg,256,moving_avg,75.0,2,0.09959577043088147,1024,4,9d5c16cc
75,0.5553857315270627,1.6125661926483041,1.5812823959250948,1724539401,checkpoint_000005,True,False,6,ed917bf2,2024-08-25_00-43-21,3.744173288345337,22.64118194580078,1663294,antonio,192.168.1.144,22.64118194580078,6,32,0.0022697983686893563,avg,8,moving_avg,75.0,4,0.04722739466065939,32,4,ed917bf2
76,0.4374528061027176,1.754627933325591,1.5971709370613099,1724539453,checkpoint_000005,True,True,6,47a9feea,2024-08-25_00-44-13,8.090484142303467,49.19692349433899,1663873,antonio,192.168.1.144,49.19692349433899,6,16,0.005040139683430163,conv,128,dft_decomp,,2,0.09484748929809378,512,4,47a9feea
77,1.260572565235731,3.023240668685348,1.5943773600790236,1724539557,checkpoint_000004,True,True,5,53d5df1b,2024-08-25_00-45-57,20.284139156341553,102.2917423248291,1664531,antonio,192.168.1.144,102.2917423248291,5,16,0.004178799236437962,conv,256,dft_decomp,,3,0.11085898250694048,1024,4,53d5df1b
78,0.6042908928433403,1.5924287600950762,1.5752470746184841,1724539566,checkpoint_000005,True,False,6,cf5eda0a,2024-08-25_00-46-06,1.0670454502105713,7.321670770645142,1665281,antonio,192.168.1.144,7.321670770645142,6,64,0.0028800624736087673,avg,8,dft_decomp,,1,0.06665027872229955,32,4,cf5eda0a
79,0.5430418082297701,1.6035347647137113,1.5722930073738097,1724539631,checkpoint_000005,True,True,6,63ac86ac,2024-08-25_00-47-11,10.392659187316895,62.98143815994263,1665815,antonio,192.168.1.144,62.98143815994263,6,16,0.001088058366686662,avg,128,dft_decomp,,3,0.10086673371133947,512,4,63ac86ac
80,0.5596462219464974,1.6786190941929817,1.6035247258841991,1724539738,checkpoint_000005,True,True,6,eb92dd30,2024-08-25_00-48-58,17.453238487243652,105.33453917503357,1666517,antonio,192.168.1.144,105.33453917503357,6,128,0.005758315277340892,avg,256,moving_avg,55.0,3,0.08066888217624545,768,3,eb92dd30
81,0.5965590594244785,1.5749776164690654,1.5749776164690654,1724539817,checkpoint_000005,True,False,6,002e87ad,2024-08-25_00-50-17,12.660284519195557,76.74551200866699,1667341,antonio,192.168.1.144,76.74551200866699,6,64,0.0012173881904811261,conv,256,dft_decomp,,2,0.07971393919969341,768,3,002e87ad
82,0.6253811629092108,1.6218673139810562,1.6218673139810562,1724539828,checkpoint_000005,True,True,6,91db9120,2024-08-25_00-50-28,1.4491536617279053,9.479257106781006,1668087,antonio,192.168.1.144,9.479257106781006,6,128,0.001966388941524686,conv,8,dft_decomp,,4,0.12035318099836723,16,2,91db9120
83,0.5583334672646444,1.6346637457609177,1.60602717846632,1724539928,checkpoint_000005,True,False,6,cd2bb3ac,2024-08-25_00-52-08,16.141366004943848,97.37743473052979,1668630,antonio,192.168.1.144,97.37743473052979,6,128,0.009806160187910532,avg,256,dft_decomp,,3,0.09947305714394837,768,3,cd2bb3ac
84,0.6209015797396176,1.6173425801098347,1.6173425801098347,1724539981,checkpoint_000005,True,True,6,62a5ac63,2024-08-25_00-53-01,8.378026485443115,50.90774464607239,1669434,antonio,192.168.1.144,50.90774464607239,6,128,0.011548631395335417,avg,256,moving_avg,75.0,1,0.10072390363908913,512,2,62a5ac63
85,0.6127433884339254,1.5933055408073193,1.5920695626374446,1724539992,checkpoint_000005,True,False,6,2657daed,2024-08-25_00-53-12,1.4326276779174805,8.79009222984314,1670099,antonio,192.168.1.144,8.79009222984314,6,64,0.0010935464848817152,avg,8,moving_avg,25.0,2,0.09334250183553316,32,4,2657daed
86,0.5612911345040212,1.645464515508111,1.5866933198117499,1724540011,checkpoint_000005,True,True,6,67071d53,2024-08-25_00-53-31,2.6924755573272705,16.98112726211548,1670639,antonio,192.168.1.144,16.98112726211548,6,32,0.0017328654091407004,conv,32,moving_avg,25.0,2,0.10665443604365384,128,4,67071d53
87,0.5882050776090778,1.605277054237597,1.5965892275174458,1724540026,checkpoint_000005,True,False,6,bbb1bafd,2024-08-25_00-53-46,2.044039249420166,13.484485864639282,1671203,antonio,192.168.1.144,13.484485864639282,6,64,0.001689891075123904,conv,8,dft_decomp,,4,0.057838158217971815,24,3,bbb1bafd
88,0.5926635083360751,1.6000075224620194,1.5940931056862446,1724540045,checkpoint_000005,True,True,6,1a5a9f17,2024-08-25_00-54-05,2.55844783782959,16.180194854736328,1671761,antonio,192.168.1.144,16.180194854736328,6,32,0.0010083818296355484,avg,16,dft_decomp,,2,0.10918370148560753,64,4,1a5a9f17
89,0.5735771941845534,1.5907136139585012,1.5907136139585012,1724540066,checkpoint_000005,True,False,6,b7970e5b,2024-08-25_00-54-26,3.061432123184204,19.163708448410034,1672324,antonio,192.168.1.144,19.163708448410034,6,32,0.0018781942136279661,conv,8,moving_avg,75.0,3,0.0856812026591625,32,4,b7970e5b
90,0.6221041415558487,1.6267628595232964,1.6267628595232964,1724540080,checkpoint_000005,True,True,6,bb3fcbaf,2024-08-25_00-54-40,1.9907748699188232,12.571412801742554,1672894,antonio,192.168.1.144,12.571412801742554,6,128,0.001037748954073258,conv,64,moving_avg,15.0,1,0.10599722954742014,128,2,bb3fcbaf
91,0.5327920217494495,1.6524920027647445,1.577449463196655,1724540195,checkpoint_000005,True,True,6,7216f00d,2024-08-25_00-56-35,18.707202196121216,112.49474287033081,1673447,antonio,192.168.1.144,112.49474287033081,6,32,0.0010712788341941013,conv,256,moving_avg,15.0,3,0.10792888206184229,1024,4,7216f00d
92,0.5188729808223053,1.6219135736351582,1.5830450235907711,1724540212,checkpoint_000005,True,False,6,78898d5f,2024-08-25_00-56-52,2.2331700325012207,13.912120580673218,1674295,antonio,192.168.1.144,13.912120580673218,6,32,0.010302577951378344,conv,32,dft_decomp,,1,0.10139017939712869,64,2,78898d5f
93,0.4994386175616843,1.6802935475733742,1.5965789512022217,1724540243,checkpoint_000005,True,True,6,97d832be,2024-08-25_00-57-23,4.689189195632935,28.79556918144226,1674850,antonio,192.168.1.144,28.79556918144226,6,32,0.007271812901606508,conv,128,dft_decomp,,1,0.12924845659753953,384,3,97d832be
94,0.5562742005606167,1.6220189134279888,1.598494524305517,1724540263,checkpoint_000005,True,False,6,2f853779,2024-08-25_00-57-43,3.0051045417785645,18.661575317382812,1675450,antonio,192.168.1.144,18.661575317382812,6,64,0.003585051754822935,avg,64,moving_avg,25.0,2,0.1326402499223276,128,2,2f853779
95,0.5260541253402585,1.6902743242681026,1.5907513797283173,1724540354,checkpoint_000005,True,True,6,0ce22b7d,2024-08-25_00-59-14,14.602484941482544,88.37818837165833,1676020,antonio,192.168.1.144,88.37818837165833,6,128,0.008821573356107108,avg,256,dft_decomp,,3,0.17011011283458663,512,2,0ce22b7d
96,0.6116284473997647,1.5746924913290776,1.5746924913290776,1724540382,checkpoint_000005,True,False,6,6fa4b71f,2024-08-25_00-59-42,4.287797689437866,26.48532748222351,1676796,antonio,192.168.1.144,26.48532748222351,6,64,0.0008967326970755092,avg,128,dft_decomp,,1,0.11960940029094644,384,3,6fa4b71f
97,0.5476319662860183,1.6529272496700287,1.624841682612896,1724540393,checkpoint_000005,True,True,6,635fd6ab,2024-08-25_00-59-53,1.1951014995574951,7.815088272094727,1677391,antonio,192.168.1.144,7.815088272094727,6,128,0.010822456367363878,conv,32,moving_avg,15.0,1,0.08167503136358063,64,2,635fd6ab
98,0.569665578545117,1.6243810094892979,1.597683023661375,1724540444,checkpoint_000005,True,False,6,7af1f3d3,2024-08-25_01-00-44,8.13051176071167,49.44368243217468,1677928,antonio,192.168.1.144,49.44368243217468,6,128,0.004637890670500087,avg,128,dft_decomp,,3,0.07813025371732843,512,4,7af1f3d3
99,0.634643768677946,1.6199507514635723,1.6199507514635723,1724540550,checkpoint_000004,True,True,5,e7b0ea2b,2024-08-25_01-02-30,20.49952244758606,103.27470374107361,1678591,antonio,192.168.1.144,103.27470374107361,5,64,0.002738912641687232,conv,512,dft_decomp,,1,0.022900220715719996,2048,4,e7b0ea2b
100,0.49568400042920024,1.696395590570238,1.6833008629304391,1724540583,checkpoint_000005,True,True,6,854a31d1,2024-08-25_01-03-03,5.222451210021973,30.757702112197876,1679342,antonio,192.168.1.144,30.757702112197876,6,16,0.0016840749192722812,conv,64,moving_avg,15.0,2,0.09781428420476823,128,2,854a31d1
101,0.5271799452221955,1.6453570635230452,1.5732109714437414,1724540607,checkpoint_000005,True,False,6,98ac22f4,2024-08-25_01-03-27,3.677401065826416,22.0651798248291,1679948,antonio,192.168.1.144,22.0651798248291,6,16,0.005250729714066718,conv,8,moving_avg,55.0,1,0.09188341642950816,24,3,98ac22f4
102,0.5313825527908372,1.6076666001063675,1.5865442147895472,1724540630,checkpoint_000005,True,True,6,3f24a14b,2024-08-25_01-03-50,3.333188533782959,21.219088554382324,1680527,antonio,192.168.1.144,21.219088554382324,6,32,0.0031698777539351766,avg,32,dft_decomp,,3,0.0993110880017074,128,4,3f24a14b
103,0.6321096687838588,1.602392616978398,1.602392616978398,1724540749,checkpoint_000003,True,True,4,ca3a44cf,2024-08-25_01-05-49,29.321975231170654,117.67770910263062,1681103,antonio,192.168.1.144,117.67770910263062,4,16,0.0014876518005721095,conv,512,moving_avg,55.0,2,0.067042147913725,1024,2,ca3a44cf
104,0.5822187261503251,1.6170764863491058,1.599280022084713,1724540762,checkpoint_000005,True,False,6,ce220dbd,2024-08-25_01-06-02,1.6061577796936035,10.259858131408691,1681822,antonio,192.168.1.144,10.259858131408691,6,128,0.0024298805886835474,avg,32,moving_avg,25.0,2,0.0820606220230246,64,2,ce220dbd
105,0.5750238336012011,1.6065549032012028,1.571983265342997,1724540781,checkpoint_000005,True,True,6,5a5c1cc5,2024-08-25_01-06-21,2.7743258476257324,17.37502956390381,1682368,antonio,192.168.1.144,17.37502956390381,6,32,0.0026143354605898377,avg,64,dft_decomp,,1,0.16418058841106775,192,3,5a5c1cc5
106,0.5953519920833775,1.6205001212656498,1.6043575517833233,1724540794,checkpoint_000005,True,False,6,e4af8e0d,2024-08-25_01-06-34,1.6608877182006836,10.580321311950684,1682936,antonio,192.168.1.144,10.580321311950684,6,128,0.003818741391550064,avg,32,moving_avg,25.0,2,0.10572278790722357,96,3,e4af8e0d
107,0.6580992695249495,1.6634202750761118,1.6336546869420294,1724540904,checkpoint_000005,True,True,6,f4e20990,2024-08-25_01-08-24,17.802379369735718,107.35437893867493,1683482,antonio,192.168.1.144,107.35437893867493,6,32,0.003750947457941101,avg,512,moving_avg,25.0,1,0.1015126840949834,1024,2,f4e20990
108,0.586231317554341,1.5978274532218477,1.5826829342699762,1724540921,checkpoint_000005,True,True,6,141354f2,2024-08-25_01-08-41,2.2459352016448975,15.032038927078247,1684313,antonio,192.168.1.144,15.032038927078247,6,32,0.001252273887422909,avg,8,moving_avg,55.0,2,0.08271982675101214,32,4,141354f2
109,0.5614223390025351,1.6218727588653565,1.5779336589354056,1724540951,checkpoint_000005,True,False,6,1a75ec51,2024-08-25_01-09-11,4.50346565246582,28.41355323791504,1684874,antonio,192.168.1.144,28.41355323791504,6,16,0.0008942110465893983,conv,32,moving_avg,75.0,2,0.10727455428728727,96,3,1a75ec51
110,0.5653215617430015,1.6518487147986889,1.608928270637989,1724540990,checkpoint_000005,True,True,6,a7365817,2024-08-25_01-09-50,5.991297245025635,36.51620411872864,1685471,antonio,192.168.1.144,36.51620411872864,6,128,0.0038932136247285423,avg,128,moving_avg,75.0,2,0.08083376348496875,256,2,a7365817
111,0.5438516308538249,1.598922881617475,1.569100636154858,1724541030,checkpoint_000005,True,False,6,286ec97e,2024-08-25_01-10-30,6.090027809143066,37.11179041862488,1686096,antonio,192.168.1.144,37.11179041862488,6,32,0.001671616998132124,avg,64,dft_decomp,,4,0.09763457427234426,192,3,286ec97e
112,0.4995938855811862,1.6309446136156718,1.570815642674764,1724541055,checkpoint_000005,True,True,6,f9a8aeb2,2024-08-25_01-10-55,3.516622543334961,22.87000036239624,1686717,antonio,192.168.1.144,22.87000036239624,6,16,0.009797072164264899,conv,32,dft_decomp,,1,0.08205767871065087,64,2,f9a8aeb2
113,0.6167868815484594,1.595729694221959,1.595729694221959,1724541109,checkpoint_000005,True,False,6,0d25a2d0,2024-08-25_01-11-49,8.551614046096802,51.80474305152893,1687299,antonio,192.168.1.144,51.80474305152893,6,64,0.0006269505438710043,conv,128,moving_avg,15.0,4,0.11418419627309781,256,2,0d25a2d0
114,0.5518959688140814,1.663256366164596,1.592570748594072,1724541173,checkpoint_000005,True,True,6,6bfe9ddb,2024-08-25_01-12-53,10.22329330444336,61.78394556045532,1687963,antonio,192.168.1.144,61.78394556045532,6,16,0.0009722973952221945,conv,256,moving_avg,15.0,1,0.09274494533513739,1024,4,6bfe9ddb
115,0.3996169706348513,1.634858848443672,1.581854542689537,1724541198,checkpoint_000005,True,False,6,550fc3b6,2024-08-25_01-13-18,3.695207118988037,23.08267593383789,1688667,antonio,192.168.1.144,23.08267593383789,6,32,0.011688789546747912,conv,64,dft_decomp,,2,0.08812554468418236,128,2,550fc3b6
116,0.5678024267004556,1.6066334901032624,1.5825807125480087,1724541243,checkpoint_000005,True,True,6,a5e28ec0,2024-08-25_01-14-03,7.140704393386841,43.61836266517639,1689247,antonio,192.168.1.144,43.61836266517639,6,16,0.0011195417078806815,avg,8,moving_avg,75.0,4,0.10586718824308852,32,4,a5e28ec0
117,0.702246330312041,1.7758052509222457,1.686552288816936,1724541353,checkpoint_000004,True,True,5,6f0b4613,2024-08-25_01-15-53,21.192925214767456,107.39623928070068,1689900,antonio,192.168.1.144,107.39623928070068,5,32,0.0032043340924017886,avg,512,dft_decomp,,1,0.11408249279083259,2048,4,6f0b4613
118,0.6453553291617847,1.6455853655934334,1.6455853655934334,1724541375,checkpoint_000005,True,False,6,c3ea97b5,2024-08-25_01-16-15,3.002974271774292,18.948711156845093,1691102,antonio,192.168.1.144,18.948711156845093,6,128,0.0007630296608297607,avg,64,dft_decomp,,2,0.07540625555303607,128,2,c3ea97b5
119,0.5194151762316808,1.6268663348975005,1.582485161004243,1724541435,checkpoint_000005,True,True,6,17e40fd0,2024-08-25_01-17-15,9.90397024154663,58.22925138473511,1691672,antonio,192.168.1.144,58.22925138473511,6,16,0.001282779409048435,conv,128,moving_avg,35.0,3,0.08007737056833358,256,2,17e40fd0
120,0.4843080602662451,1.6668136362676267,1.5873244294413813,1724541480,checkpoint_000005,True,False,6,4c54b67f,2024-08-25_01-18-00,7.038353443145752,42.804383516311646,1692612,antonio,192.168.1.144,42.804383516311646,6,16,0.006203026962523756,conv,8,moving_avg,75.0,4,0.08507436103348032,16,2,4c54b67f
121,0.4014808745228196,1.7194855433923226,1.5757824478326021,1724541515,checkpoint_000005,True,True,6,5a0c4e83,2024-08-25_01-18-35,5.6681132316589355,33.056371450424194,1693283,antonio,192.168.1.144,33.056371450424194,6,16,0.004918346615583438,conv,64,dft_decomp,,2,0.07033652052100668,128,2,5a0c4e83
122,0.578107619383296,1.5993185115583015,1.58563422795498,1724541590,checkpoint_000005,True,False,6,77d971ae,2024-08-25_01-19-50,12.306509494781494,73.54716348648071,1693915,antonio,192.168.1.144,73.54716348648071,6,64,0.001835330162236539,avg,256,dft_decomp,,2,0.10502820796990513,512,2,77d971ae
123,0.39421365495587957,1.6166378135111794,1.5781856045794131,1724541623,checkpoint_000005,True,True,6,cda5c53e,2024-08-25_01-20-23,4.964231729507446,30.060736179351807,1694746,antonio,192.168.1.144,30.060736179351807,6,32,0.011076112044048996,conv,64,dft_decomp,,3,0.11775312925356468,128,2,cda5c53e
124,0.6445741106252201,1.6512093544006348,1.6512093544006348,1724541688,checkpoint_000005,True,False,6,bdfef6ea,2024-08-25_01-21-28,9.79215407371521,60.530447483062744,1695835,antonio,192.168.1.144,60.530447483062744,6,128,0.0006673954678399383,avg,128,moving_avg,75.0,4,0.09405952494868496,256,2,bdfef6ea
125,0.6053709876341898,1.5880391411483288,1.586829449981451,1724541792,checkpoint_000005,True,True,6,c898a2e3,2024-08-25_01-23-12,16.973179817199707,101.11355209350586,1696703,antonio,192.168.1.144,101.11355209350586,6,128,0.001376570943055219,avg,256,dft_decomp,,3,0.10540186355545379,768,3,c898a2e3
126,0.5317205959180625,1.6194659422945092,1.5971089685404742,1724541838,checkpoint_000005,True,True,6,61995c5b,2024-08-25_01-23-58,6.839210033416748,44.08027005195618,1697848,antonio,192.168.1.144,44.08027005195618,6,16,0.001278440966566357,avg,32,moving_avg,15.0,4,0.14552036834260998,64,2,61995c5b
127,0.5975020677765455,1.575480087156649,1.567655207934203,1724541861,checkpoint_000005,True,False,6,5357ce50,2024-08-25_01-24-21,3.350968360900879,20.738354682922363,1698532,antonio,192.168.1.144,20.738354682922363,6,16,0.0005298570587395833,avg,8,moving_avg,25.0,1,0.09908153045643381,16,2,5357ce50
128,601112293980.3279,1154410348544.0,1.587174945802831,1724541933,checkpoint_000005,True,True,6,b6223cdb,2024-08-25_01-25-33,11.637484312057495,70.5758228302002,1699116,antonio,192.168.1.144,70.5758228302002,6,32,0.011809361056836462,avg,128,dft_decomp,,4,0.07973778053636986,512,4,b6223cdb
129,0.7452317647269515,1.9242661974646829,1.9177360209551724,1724542040,checkpoint_000004,True,True,5,67fc14a0,2024-08-25_01-27-21,20.595852375030518,104.68253469467163,1700049,antonio,192.168.1.144,104.68253469467163,5,64,0.00490826398312181,conv,512,dft_decomp,,1,0.13654975050314067,2048,4,67fc14a0
130,0.6334687696128595,1.635393649339676,1.635393649339676,1724542052,checkpoint_000005,True,False,6,394fe8d7,2024-08-25_01-27-32,1.457434892654419,9.650943279266357,1701100,antonio,192.168.1.144,9.650943279266357,6,128,0.0010830996529161401,avg,8,dft_decomp,,4,0.12025888400093813,32,4,394fe8d7
131,0.5905182149078025,1.6024757840416648,1.5843329628308613,1724542187,checkpoint_000003,True,True,4,c5269be8,2024-08-25_01-29-48,33.06474018096924,132.69699788093567,1701643,antonio,192.168.1.144,132.69699788093567,4,64,0.0013594160465865072,avg,512,moving_avg,25.0,2,0.09944183122086322,2048,4,c5269be8
132,0.5994139042545538,1.596241214058616,1.5946484731905388,1724542206,checkpoint_000005,True,True,6,6510fa7e,2024-08-25_01-30-06,2.0530824661254883,12.977922916412354,1702534,antonio,192.168.1.144,12.977922916412354,6,64,0.0014216307189955722,conv,16,moving_avg,35.0,4,0.07544263383911838,32,2,6510fa7e
133,0.5950223404936995,1.5735877363770097,1.5644312637823599,1724542320,checkpoint_000003,True,True,4,d6367632,2024-08-25_01-32-00,28.309638023376465,111.98691701889038,1703089,antonio,192.168.1.144,111.98691701889038,4,16,0.0008624642405079415,conv,512,dft_decomp,,2,0.0972501622739484,1024,2,d6367632
134,0.5688368409383492,1.5912862998066526,1.5912862998066526,1724542329,checkpoint_000005,True,False,6,3f853a80,2024-08-25_01-32-09,1.111445426940918,7.5706470012664795,1703835,antonio,192.168.1.144,7.5706470012664795,6,64,0.005665698578915861,conv,8,moving_avg,35.0,1,0.08451037748814444,16,2,3f853a80
135,0.5610139130568895,1.6134735598708645,1.5903745763229602,1724542345,checkpoint_000005,True,True,6,42386b76,2024-08-25_01-32-25,1.9862520694732666,13.047216176986694,1704373,antonio,192.168.1.144,13.047216176986694,6,64,0.003483113182283679,conv,8,moving_avg,55.0,4,0.061884412207452694,24,3,42386b76
136,451346633232241.6,663947344562676.6,1.582380442707627,1724542469,checkpoint_000004,True,True,5,61a8f6e0,2024-08-25_01-34-29,24.126185417175293,122.46960830688477,1705100,antonio,192.168.1.144,122.46960830688477,5,16,0.007487545921507805,conv,256,dft_decomp,,4,0.08928524832384854,768,3,61a8f6e0
137,0.6060733394544633,1.578624349921497,1.5745886066066686,1724542494,checkpoint_000005,True,False,6,1f56371e,2024-08-25_01-34-54,3.47222638130188,21.68255877494812,1706645,antonio,192.168.1.144,21.68255877494812,6,32,0.0006482045769717326,avg,64,moving_avg,15.0,2,0.11924500566110796,128,2,1f56371e
138,0.6186809315056098,1.600858822464943,1.600858822464943,1724542599,checkpoint_000002,True,True,3,56537eb1,2024-08-25_01-36-39,34.474225997924805,103.02633118629456,1707267,antonio,192.168.1.144,103.02633118629456,3,128,0.007712079199533587,avg,512,moving_avg,25.0,2,0.08726152567604933,2048,4,56537eb1
139,0.5366705761092608,1.6717309120929602,1.5907863757827065,1724542614,checkpoint_000005,True,True,6,b05af598,2024-08-25_01-36-54,1.9897067546844482,12.871880054473877,1707935,antonio,192.168.1.144,12.871880054473877,6,64,0.006245307046085905,conv,16,dft_decomp,,3,0.08663339334276678,32,2,b05af598
140,0.5410204603046668,1.6304086717692288,1.5933112321477947,1724542625,checkpoint_000005,True,False,6,6e3d0dee,2024-08-25_01-37-05,1.3753325939178467,9.185995101928711,1708492,antonio,192.168.1.144,9.185995101928711,6,64,0.00642368498178971,avg,16,moving_avg,75.0,2,0.08463883309326442,32,2,6e3d0dee
141,0.4702548940488897,1.6515699563203035,1.5845438422980131,1724542661,checkpoint_000005,True,True,6,a8d7053b,2024-08-25_01-37-41,5.653179883956909,34.61147856712341,1709035,antonio,192.168.1.144,34.61147856712341,6,16,0.004468201406076872,avg,16,dft_decomp,,3,0.0961541297996538,64,4,a8d7053b
142,29466523987.934425,37795447594.029854,1.8451225561882132,1724542799,checkpoint_000002,True,True,3,ee85854f,2024-08-25_01-39-59,44.486966133117676,134.95749688148499,1709650,antonio,192.168.1.144,134.95749688148499,3,32,0.00743211055888111,avg,512,moving_avg,35.0,4,0.10097282106625557,1024,2,ee85854f
143,0.5203220150100185,1.6425940208964878,1.5959454222961709,1724542823,checkpoint_000005,True,False,6,1a6172e0,2024-08-25_01-40-23,3.335434675216675,21.716588973999023,1710362,antonio,192.168.1.144,21.716588973999023,6,16,0.004526525097013559,conv,16,moving_avg,55.0,1,0.10619462361804634,64,4,1a6172e0
144,14751687.71670082,751605.69921875,1.9812550321221352,1724542935,checkpoint_000002,True,True,3,f29e60e1,2024-08-25_01-42-15,36.42179775238037,109.86608481407166,1710942,antonio,192.168.1.144,109.86608481407166,3,128,0.010996365469205157,avg,512,moving_avg,55.0,3,0.12255356294590213,1024,2,f29e60e1
145,0.6269229308503573,1.6066385805606842,1.6066385805606842,1724543040,checkpoint_000004,True,True,5,abc9320f,2024-08-25_01-44-00,20.465543746948242,103.21147203445435,1711571,antonio,192.168.1.144,103.21147203445435,5,128,0.0009692091410130224,avg,512,dft_decomp,,1,0.0812099975877878,2048,4,abc9320f
146,0.5575359182733212,1.6388532916704814,1.5894453119348597,1724543063,checkpoint_000005,True,True,6,b798faee,2024-08-25_01-44-24,3.344623327255249,21.6795437335968,1712323,antonio,192.168.1.144,21.6795437335968,6,16,0.002169574590039839,conv,8,dft_decomp,,1,0.08042392112211297,32,4,b798faee
147,0.636778537481109,1.6167057377320748,1.5734063492880928,1724543128,checkpoint_000005,True,False,6,76a36bad,2024-08-25_01-45-28,10.323720216751099,62.43663287162781,1712903,antonio,192.168.1.144,62.43663287162781,6,16,0.007862201779413318,conv,256,dft_decomp,,1,0.10442475068703266,1024,4,76a36bad
148,0.38964831371980213,1.6730972365096763,1.5966649757491218,1724543172,checkpoint_000005,True,True,6,93f55415,2024-08-25_01-46-12,6.650934934616089,40.966022968292236,1713605,antonio,192.168.1.144,40.966022968292236,6,16,0.003025316442452771,avg,64,dft_decomp,,3,0.0797681862960587,256,4,93f55415
149,0.5718987974964205,1.599012728780508,1.599012728780508,1724543192,checkpoint_000005,True,False,6,ac16378d,2024-08-25_01-46-32,2.9342095851898193,18.353832483291626,1714239,antonio,192.168.1.144,18.353832483291626,6,128,0.007069001999520033,conv,32,dft_decomp,,4,0.08999125277492026,96,3,ac16378d
150,0.6185973716563866,1.6091264486312866,1.6091264486312866,1724543207,checkpoint_000005,True,True,6,91f360e1,2024-08-25_01-46-47,1.9789996147155762,12.693204879760742,1714806,antonio,192.168.1.144,12.693204879760742,6,128,0.002134665160042807,avg,16,dft_decomp,,4,0.10391136876127581,64,4,91f360e1
151,0.5996103736220814,1.661701239645481,1.6148433908820152,1724543299,checkpoint_000005,True,False,6,131a7dd5,2024-08-25_01-48-19,14.961673021316528,90.28897857666016,1715362,antonio,192.168.1.144,90.28897857666016,6,128,0.0015006349150323453,conv,256,moving_avg,35.0,3,0.10924278568678478,512,2,131a7dd5
152,590811121.5737705,2744753117.1343284,1.6444851364662398,1724543419,checkpoint_000005,True,True,6,22d2ee31,2024-08-25_01-50-19,19.539393186569214,118.07483315467834,1716140,antonio,192.168.1.144,118.07483315467834,6,32,0.005218523423038877,avg,256,dft_decomp,,4,0.13071670785775286,512,2,22d2ee31
153,0.582724959146781,1.6268399395048618,1.6026620045304298,1724543455,checkpoint_000005,True,True,6,599dc543,2024-08-25_01-50-55,5.517260551452637,33.80034780502319,1717006,antonio,192.168.1.144,33.80034780502319,6,128,0.0020849065177618474,avg,64,moving_avg,75.0,4,0.06763967981987173,256,4,599dc543
154,0.6096590464232398,1.58815086632967,1.5876519158482552,1724543491,checkpoint_000005,True,False,6,24bb91eb,2024-08-25_01-51-31,5.54617714881897,34.12260031700134,1717618,antonio,192.168.1.144,34.12260031700134,6,128,0.0011923258333410229,avg,128,dft_decomp,,2,0.07059863172179448,256,2,24bb91eb
155,0.5766713247924554,1.6250161311843179,1.5717913526477236,1724543533,checkpoint_000005,True,True,6,0e082a33,2024-08-25_01-52-13,6.551605463027954,40.14522743225098,1718233,antonio,192.168.1.144,40.14522743225098,6,64,0.003948222656126439,avg,128,dft_decomp,,2,0.115990562387669,512,4,0e082a33
156,0.6857752389595156,1.706634484231472,1.706634484231472,1724543542,checkpoint_000005,True,False,6,221737cc,2024-08-25_01-52-22,0.9647262096405029,6.69536018371582,1718864,antonio,192.168.1.144,6.69536018371582,6,128,0.0005731722207340532,conv,16,dft_decomp,,1,0.07852720671679764,64,4,221737cc
157,0.5811819971584883,1.6273220553994179,1.6131454855203629,1724543557,checkpoint_000005,True,True,6,4d13d5ce,2024-08-25_01-52-37,2.0166029930114746,12.74995231628418,1719401,antonio,192.168.1.144,12.74995231628418,6,128,0.0023708513936964324,avg,32,moving_avg,15.0,3,0.09082563238185364,96,3,4d13d5ce
158,0.5996361863417704,1.5933908000588417,1.588443849235773,1724543579,checkpoint_000005,True,False,6,f3f7a41b,2024-08-25_01-52-59,3.2081377506256104,19.825644493103027,1719953,antonio,192.168.1.144,19.825644493103027,6,128,0.003024649261038534,conv,64,moving_avg,55.0,2,0.12501372964770102,192,3,f3f7a41b
159,0.6024827693329483,1.6045265749319275,1.589717957510877,1724543594,checkpoint_000005,True,True,6,b7516f5c,2024-08-25_01-53-14,1.9342808723449707,12.736923694610596,1720526,antonio,192.168.1.144,12.736923694610596,6,32,0.0007593651848678411,conv,16,dft_decomp,,1,0.14735968801447957,32,2,b7516f5c
160,0.5781286959765387,1.6361154570724026,1.6071724638794407,1724543605,checkpoint_000005,True,False,6,86864d3b,2024-08-25_01-53-26,1.5537993907928467,9.671890258789062,1721078,antonio,192.168.1.144,9.671890258789062,6,64,0.002160048247230327,conv,16,moving_avg,15.0,2,0.0732315220464857,48,3,86864d3b
161,0.5864082999893876,1.5893432389606128,1.58669959415089,1724543633,checkpoint_000005,True,True,6,1b56dcb3,2024-08-25_01-53-53,4.121978759765625,25.353455781936646,1721624,antonio,192.168.1.144,25.353455781936646,6,64,0.0009258883611192076,avg,64,moving_avg,15.0,3,0.11176125547250018,256,4,1b56dcb3
162,0.47074175564969173,1.8206271854313938,1.6260394363692312,1724543668,checkpoint_000005,True,False,6,63fcf55d,2024-08-25_01-54-28,5.476914644241333,33.642990827560425,1722212,antonio,192.168.1.144,33.642990827560425,6,64,0.007337066906043042,conv,64,dft_decomp,,4,0.09056317012334675,192,3,63fcf55d
163,2.929713191480818e+20,2.9118657726920064e+17,1.8857269322694237,1724543772,checkpoint_000001,True,True,2,b97764c0,2024-08-25_01-56-12,50.26565766334534,101.43076157569885,1722824,antonio,192.168.1.144,101.43076157569885,2,32,0.008350879743931014,conv,512,moving_avg,15.0,4,0.08808713495757485,1536,3,b97764c0
164,0.6103902234405768,1.594067718833685,1.594067718833685,1724543780,checkpoint_000005,True,True,6,69de45f8,2024-08-25_01-56-20,0.7546110153198242,5.057779788970947,1723358,antonio,192.168.1.144,5.057779788970947,6,128,0.0030846314740415413,conv,8,moving_avg,35.0,1,0.11807787524406382,16,2,69de45f8
165,2.6755652926007256,5.241430613531995,1.6233287115595234,1724543862,checkpoint_000005,True,False,6,fe9f4f74,2024-08-25_01-57-42,13.150099992752075,79.85494184494019,1723889,antonio,192.168.1.144,79.85494184494019,6,32,0.006068032226299612,avg,256,dft_decomp,,2,0.08971424925124613,768,3,fe9f4f74
166,0.5912380075601281,1.5836882920407538,1.5714868574000116,1724543876,checkpoint_000005,True,True,6,d2b9f27e,2024-08-25_01-57-56,1.9765357971191406,12.339696884155273,1724641,antonio,192.168.1.144,12.339696884155273,6,32,0.0013010001502948934,conv,8,moving_avg,55.0,1,0.11816578997791471,16,2,d2b9f27e
167,0.6050725569490527,1.6252385452389717,1.622206624597311,1724543886,checkpoint_000005,True,False,6,c329f849,2024-08-25_01-58-06,1.2972486019134521,8.650297403335571,1725194,antonio,192.168.1.144,8.650297403335571,6,128,0.0016652829904203522,conv,32,dft_decomp,,1,0.08196128053132132,64,2,c329f849
168,0.537687014277971,1.6260885349026433,1.5996583104133606,1724543931,checkpoint_000005,True,True,6,41de5922,2024-08-25_01-58-51,7.033278703689575,42.174211740493774,1725734,antonio,192.168.1.144,42.174211740493774,6,16,0.0009286808748987206,conv,64,dft_decomp,,3,0.07013234562096286,256,4,41de5922
169,0.6002192092967815,1.5829365689363053,1.5688763002851116,1724543956,checkpoint_000005,True,False,6,ed59cc59,2024-08-25_01-59-16,3.697179079055786,22.99891233444214,1726372,antonio,192.168.1.144,22.99891233444214,6,32,0.0007725237479471861,conv,64,dft_decomp,,2,0.07547246427883672,128,2,ed59cc59
170,0.5585157612308127,1.6273617419329556,1.5902390696785667,1724543965,checkpoint_000005,True,True,6,4962795a,2024-08-25_01-59-25,1.1385700702667236,7.504261255264282,1726954,antonio,192.168.1.144,7.504261255264282,6,64,0.01197996347941675,avg,8,dft_decomp,,1,0.11744128749303834,32,4,4962795a
171,0.5953621385527439,1.6174290664494038,1.6144498884677887,1724543983,checkpoint_000005,True,False,6,3b69deb8,2024-08-25_01-59-43,2.3634097576141357,14.967403411865234,1727495,antonio,192.168.1.144,14.967403411865234,6,128,0.0022498566186625497,avg,32,dft_decomp,,3,0.10286707886976659,96,3,3b69deb8
172,39.834270305320864,94.59434676892829,1.8393047271352825,1724544097,checkpoint_000005,True,True,6,d9f01f85,2024-08-25_02-01-37,18.604058504104614,112.5778181552887,1728053,antonio,192.168.1.144,112.5778181552887,6,64,0.006768181126074353,avg,256,dft_decomp,,4,0.07374791355421796,512,2,d9f01f85
173,0.5567478321370531,1.6173421286824923,1.5775092875779564,1724544111,checkpoint_000005,True,True,6,62b293c3,2024-08-25_02-01-51,1.8393678665161133,11.472196817398071,1728900,antonio,192.168.1.144,11.472196817398071,6,32,0.004515003876693792,avg,8,moving_avg,55.0,1,0.12153380398266697,24,3,62b293c3
174,118583199149853.84,183867509583234.84,1.6014541312500283,1724544231,checkpoint_000004,True,True,5,19905a3c,2024-08-25_02-03-51,23.30455231666565,117.3625967502594,1729449,antonio,192.168.1.144,117.3625967502594,5,16,0.0052841429670112735,avg,256,dft_decomp,,4,0.07699208463764239,768,3,19905a3c
175,0.6060505343265221,1.5742702267386697,1.5742702267386697,1724544282,checkpoint_000005,True,False,6,586e60a8,2024-08-25_02-04-42,8.044483184814453,49.10982155799866,1730242,antonio,192.168.1.144,49.10982155799866,6,64,0.00522519118226627,avg,256,dft_decomp,,1,0.059234474238792106,512,2,586e60a8
176,0.6066412788922669,1.636913139373064,1.622152604162693,1724544290,checkpoint_000005,True,True,6,6f967d35,2024-08-25_02-04-50,0.97367262840271,6.56740140914917,1730898,antonio,192.168.1.144,6.56740140914917,6,128,0.0033252817105922446,conv,16,dft_decomp,,1,0.11559758584593843,48,3,6f967d35
177,0.6024808688241927,1.6169959902763367,1.6110335290431976,1724544300,checkpoint_000005,True,False,6,1c1e6678,2024-08-25_02-05-00,1.0314767360687256,6.914579391479492,1731435,antonio,192.168.1.144,6.914579391479492,6,128,0.00468726904453423,avg,8,dft_decomp,,2,0.1372061623839002,32,4,1c1e6678
178,0.5220444060739924,1.6566268982309285,1.591725463216955,1724544311,checkpoint_000005,True,True,6,bbc58baf,2024-08-25_02-05-11,1.4468786716461182,9.314367771148682,1731972,antonio,192.168.1.144,9.314367771148682,6,64,0.00828059338567384,conv,32,moving_avg,15.0,1,0.10772056393492449,128,4,bbc58baf
179,0.5849333158056185,1.5872153613302442,1.5714670609544825,1724544459,checkpoint_000002,True,True,3,9e763e58,2024-08-25_02-07-39,48.48298692703247,145.90040683746338,1732512,antonio,192.168.1.144,145.90040683746338,3,16,0.0007641608206228934,conv,512,dft_decomp,,3,0.11432903437554012,2048,4,9e763e58
180,0.52826017049924,1.6323019676738315,1.6152105552178841,1724544490,checkpoint_000005,True,False,6,356ae45d,2024-08-25_02-08-10,4.525374412536621,28.72156858444214,1733246,antonio,192.168.1.144,28.72156858444214,6,16,0.002377204843377126,conv,8,moving_avg,25.0,2,0.1282271346963805,24,3,356ae45d
181,0.6035118772208325,1.5809239833443254,1.5768644915686714,1724544533,checkpoint_000005,True,True,6,51d9a3db,2024-08-25_02-08-53,7.1032185554504395,40.968016386032104,1733847,antonio,192.168.1.144,40.968016386032104,6,16,0.0006121922127244387,avg,16,dft_decomp,,4,0.09389504744708971,48,3,51d9a3db
182,0.5742616125794707,1.6421531811356544,1.6113972887396812,1724544543,checkpoint_000005,True,False,6,c007c085,2024-08-25_02-09-03,1.2628333568572998,8.241098880767822,1734481,antonio,192.168.1.144,8.241098880767822,6,128,0.011710250387300022,conv,8,dft_decomp,,3,0.1156956317424866,24,3,c007c085
183,0.5891054570674896,1.5918344313448125,1.5918344313448125,1724544593,checkpoint_000005,True,True,6,1be7b520,2024-08-25_02-09-53,7.993868827819824,48.43356680870056,1735021,antonio,192.168.1.144,48.43356680870056,6,64,0.0013368162431426835,conv,128,moving_avg,35.0,3,0.08640911823259091,384,3,1be7b520
184,0.6333931513497086,1.6079070802890894,1.6079070802890894,1724544699,checkpoint_000002,True,True,3,0f011a6d,2024-08-25_02-11-39,34.22927689552307,102.99823236465454,1735678,antonio,192.168.1.144,102.99823236465454,3,64,0.0005105591130213638,conv,512,moving_avg,25.0,3,0.07943034120797672,1024,2,0f011a6d
185,0.6400397068164387,1.6389539279043674,1.6389539279043674,1724544713,checkpoint_000005,True,False,6,a015c461,2024-08-25_02-11-53,1.911616563796997,12.340250492095947,1736287,antonio,192.168.1.144,12.340250492095947,6,128,0.0012238286316314045,conv,16,dft_decomp,,4,0.13043527762707965,48,3,a015c461
186,0.5522971710220712,1.6214655451476574,1.6055967062711716,1724544744,checkpoint_000005,True,True,6,1a338777,2024-08-25_02-12-24,4.761467218399048,29.351303577423096,1736836,antonio,192.168.1.144,29.351303577423096,6,128,0.006863700290257674,avg,64,dft_decomp,,4,0.08971572329946738,128,2,1a338777
187,0.6853756044731766,1.6924717985093594,1.6924717985093594,1724544880,checkpoint_000002,True,True,3,6723e344,2024-08-25_02-14-40,43.554912090301514,131.1492359638214,1737556,antonio,192.168.1.144,131.1492359638214,3,128,0.0007421403620770346,conv,512,moving_avg,35.0,4,0.06653852504570903,1024,2,6723e344
188,0.5479837033103724,1.6170498873248245,1.5928434747638125,1724544891,checkpoint_000005,True,False,6,642c6452,2024-08-25_02-14-51,1.3821845054626465,8.85378098487854,1738248,antonio,192.168.1.144,8.85378098487854,6,64,0.00981222811110581,avg,32,moving_avg,25.0,1,0.04840224930372659,64,2,642c6452
189,0.6110068960267989,1.5748537128621882,1.5748537128621882,1724544995,checkpoint_000003,True,True,4,b8ebea62,2024-08-25_02-16-35,25.261956691741943,101.83651304244995,1738789,antonio,192.168.1.144,101.83651304244995,4,64,0.0010624605721244443,avg,512,dft_decomp,,2,0.1097519000553596,1024,2,b8ebea62
190,0.42867244545423666,1.6662488491446883,1.5795742520579585,1724545028,checkpoint_000005,True,True,6,a3105d6b,2024-08-25_02-17-08,4.997788906097412,30.65482234954834,1739466,antonio,192.168.1.144,30.65482234954834,6,16,0.004281585461612431,avg,64,dft_decomp,,2,0.07483734972375534,128,2,a3105d6b
191,0.6087177353071385,1.5722753450052063,1.5720317808549795,1724545054,checkpoint_000005,True,False,6,616c03d0,2024-08-25_02-17-34,3.760917901992798,23.948004007339478,1740073,antonio,192.168.1.144,23.948004007339478,6,32,0.0006824583803261124,conv,16,dft_decomp,,4,0.11128577176228224,64,4,616c03d0
192,0.6393472532756993,1.6260455738414417,1.6260455738414417,1724545184,checkpoint_000002,True,True,3,9479c050,2024-08-25_02-19-44,42.76659393310547,128.4785192012787,1740658,antonio,192.168.1.144,128.4785192012787,3,64,0.0006239087108010999,conv,512,moving_avg,25.0,4,0.08142903393452919,1024,2,9479c050
193,0.5825498360066326,1.6173554592662387,1.5802152002299275,1724545221,checkpoint_000005,True,True,6,b4436741,2024-08-25_02-20-21,5.486695051193237,34.23241114616394,1741344,antonio,192.168.1.144,34.23241114616394,6,16,0.0007687532971580155,avg,16,dft_decomp,,3,0.12324395252014826,32,2,b4436741
194,0.467296369907071,1.605070752567715,1.5962018657613684,1724545266,checkpoint_000005,True,False,6,b31a377d,2024-08-25_02-21-06,6.704429864883423,43.36047387123108,1741957,antonio,192.168.1.144,43.36047387123108,6,16,0.005126590387626217,conv,8,dft_decomp,,4,0.12414419033706088,24,3,b31a377d
195,9.200165211022753e+18,4405553582037523.0,1.6308505945735507,1724545372,checkpoint_000001,True,True,2,1346d739,2024-08-25_02-22-52,51.98041796684265,104.10763573646545,1742597,antonio,192.168.1.144,104.10763573646545,2,16,0.00340865243451552,conv,512,moving_avg,75.0,4,0.09891620775557436,1024,2,1346d739
196,0.5502649003365001,1.649779211729765,1.5969954393804073,1724545401,checkpoint_000005,True,True,6,28bd6c97,2024-08-25_02-23-21,4.325212001800537,26.731776475906372,1743140,antonio,192.168.1.144,26.731776475906372,6,128,0.005893534758715787,avg,64,dft_decomp,,3,0.08510723486705554,256,4,28bd6c97
197,0.6400225445872447,1.6370464339852333,1.6370464339852333,1724545413,checkpoint_000005,True,False,6,91d73c3f,2024-08-25_02-23-33,1.5480968952178955,10.111459732055664,1743731,antonio,192.168.1.144,10.111459732055664,6,128,0.0009163635096275917,avg,16,dft_decomp,,3,0.11730993371814058,48,3,91d73c3f
198,0.6068854546937786,1.6008558459579945,1.6000515967607498,1724545428,checkpoint_000005,True,True,6,81317976,2024-08-25_02-23-48,1.973017692565918,12.729411840438843,1744277,antonio,192.168.1.144,12.729411840438843,6,128,0.0030620239222884406,avg,16,dft_decomp,,4,0.14836889376917356,64,4,81317976
199,0.5602443164489308,1.631867887395801,1.61451245618589,1724545441,checkpoint_000005,True,False,6,a895aaf4,2024-08-25_02-24-01,1.7080268859863281,10.927379608154297,1744829,antonio,192.168.1.144,10.927379608154297,6,64,0.00391170696752813,conv,16,dft_decomp,,2,0.13377751663493076,48,3,a895aaf4
200,0.6105751346369259,1.591706607490778,1.5902973115444183,1724545490,checkpoint_000005,True,True,6,78531288,2024-08-25_02-24-50,7.720415830612183,46.90699744224548,1745378,antonio,192.168.1.144,46.90699744224548,6,128,0.007046977598747545,avg,256,moving_avg,25.0,1,0.10932537399465331,512,2,78531288
201,0.45810538097637077,1.6154297939053288,1.5597810135947334,1724545572,checkpoint_000005,True,False,6,d7effa8c,2024-08-25_02-26-12,13.232163906097412,80.12009477615356,1746032,antonio,192.168.1.144,80.12009477615356,6,16,0.0017826199389539155,conv,256,dft_decomp,,2,0.04602843783399,512,2,d7effa8c
202,0.6494874739256061,1.6388122774660587,1.6388122774660587,1724545676,checkpoint_000002,True,True,3,71fea2a1,2024-08-25_02-27-56,33.87316179275513,102.38984441757202,1746786,antonio,192.168.1.144,102.38984441757202,3,128,0.0021788448186042314,avg,512,moving_avg,25.0,3,0.09530487537018105,1024,2,71fea2a1
203,0.5351317879117903,1.6672210584987293,1.5952567711020962,1724545689,checkpoint_000005,True,True,6,fa2aa079,2024-08-25_02-28-09,1.4756476879119873,9.777287721633911,1747394,antonio,192.168.1.144,9.777287721633911,6,64,0.011203593902949739,conv,32,dft_decomp,,1,0.09850940141058323,128,4,fa2aa079
204,0.5427094470770633,1.6129537322627965,1.5764126724271632,1724545709,checkpoint_000005,True,False,6,a0cfc612,2024-08-25_02-28-29,2.9213616847991943,18.599955320358276,1747940,antonio,192.168.1.144,18.599955320358276,6,32,0.004182273714288158,avg,8,moving_avg,55.0,3,0.09969445092110253,32,4,a0cfc612
205,0.6189713468317126,1.6162049025297165,1.6121745370328426,1724545718,checkpoint_000005,True,True,6,75505437,2024-08-25_02-28-38,0.955223560333252,6.534613370895386,1748510,antonio,192.168.1.144,6.534613370895386,6,128,0.001968027774391867,conv,16,dft_decomp,,1,0.097223246425231,48,3,75505437
206,0.60889178221343,1.5856611356139183,1.5851027332246304,1724545778,checkpoint_000005,True,False,6,d6e9b95c,2024-08-25_02-29-38,9.489810228347778,57.59320616722107,1749044,antonio,192.168.1.144,57.59320616722107,6,128,0.0010716758146521854,conv,128,dft_decomp,,4,0.14122863602808997,384,3,d6e9b95c
207,0.6245146584315379,1.5975308418273926,1.5975308418273926,1724545865,checkpoint_000005,True,True,6,42ffafec,2024-08-25_02-31-05,13.893399000167847,83.98567152023315,1749732,antonio,192.168.1.144,83.98567152023315,6,64,0.004135753006742782,avg,256,moving_avg,35.0,2,0.08066404873402266,1024,4,42ffafec
208,0.49076204425474373,1.664178184668223,1.602130091631854,1724545906,checkpoint_000005,True,False,6,026c1c43,2024-08-25_02-31-46,6.262004613876343,39.29527735710144,1750494,antonio,192.168.1.144,39.29527735710144,6,16,0.0013231506370616976,conv,64,moving_avg,15.0,3,0.15221161785345266,192,3,026c1c43
209,0.5840801429308828,1.5761671911424666,1.569653576879359,1724545931,checkpoint_000005,True,True,6,dcc58173,2024-08-25_02-32-11,3.734025001525879,23.035654544830322,1751121,antonio,192.168.1.144,23.035654544830322,6,32,0.000867350070173737,avg,64,moving_avg,35.0,2,0.13026625664538477,192,3,dcc58173
210,0.6503406264742867,1.6577603854238987,1.6577603854238987,1724545938,checkpoint_000005,True,False,6,d52000e7,2024-08-25_02-32-18,0.7686495780944824,5.18754506111145,1751704,antonio,192.168.1.144,5.18754506111145,6,128,0.0006321152559518354,conv,8,moving_avg,15.0,1,0.07576643950511627,32,4,d52000e7
211,0.6294556181938922,1.637033373117447,1.637033373117447,1724545946,checkpoint_000005,True,True,6,4d28c6bd,2024-08-25_02-32-26,0.8815007209777832,5.998871564865112,1752236,antonio,192.168.1.144,5.998871564865112,6,128,0.0014286926202765357,conv,8,moving_avg,35.0,2,0.11790233163395056,24,3,4d28c6bd
212,0.5715513840073445,1.5934020974742833,1.5629174122169835,1724546003,checkpoint_000005,True,False,6,5893b480,2024-08-25_02-33-23,9.021858215332031,54.86198687553406,1752767,antonio,192.168.1.144,54.86198687553406,6,32,0.005114487228199006,conv,256,dft_decomp,,1,0.11854617470472448,768,3,5893b480
213,0.4021729180296018,1.672703633043501,1.585452961480176,1724546048,checkpoint_000005,True,True,6,f2fcb8a1,2024-08-25_02-34-08,7.205393075942993,42.95495963096619,1753444,antonio,192.168.1.144,42.95495963096619,6,16,0.004291957928824629,avg,32,moving_avg,55.0,4,0.12629882997498534,128,4,f2fcb8a1
214,0.4682264177769911,1.6859145235659472,1.5946647453663954,1724546079,checkpoint_000005,True,False,6,b0999899,2024-08-25_02-34-39,4.770417928695679,29.16429328918457,1754084,antonio,192.168.1.144,29.16429328918457,6,32,0.00587479585900213,avg,64,moving_avg,35.0,3,0.12809347538656965,192,3,b0999899
215,0.6096378151015026,1.5591767637817948,1.5591767637817948,1724546193,checkpoint_000004,True,True,5,70bd8eaf,2024-08-25_02-36-33,22.2643461227417,112.02914071083069,1754682,antonio,192.168.1.144,112.02914071083069,5,16,0.0007951408131893427,conv,512,dft_decomp,,1,0.06560161460858327,2048,4,70bd8eaf
216,0.5775496673877122,1.5999942006486836,1.5896219286051663,1724546202,checkpoint_000005,True,True,6,53edfc38,2024-08-25_02-36-42,1.1706104278564453,7.503841400146484,1755458,antonio,192.168.1.144,7.503841400146484,6,64,0.0037358607485955594,avg,16,moving_avg,15.0,1,0.14695758013646176,64,4,53edfc38
217,0.6151158584923041,1.5976775251328945,1.5976775251328945,1724546214,checkpoint_000005,True,False,6,cebbf2a8,2024-08-25_02-36-54,1.4163269996643066,9.132599115371704,1755998,antonio,192.168.1.144,9.132599115371704,6,128,0.0016339726228126565,conv,16,moving_avg,75.0,3,0.14466152696045606,32,2,cebbf2a8
218,0.49508152963196644,1.648481123483003,1.5968733429908752,1724546239,checkpoint_000005,True,True,6,21aebfac,2024-08-25_02-37-19,3.628986358642578,22.65517830848694,1756538,antonio,192.168.1.144,22.65517830848694,6,32,0.0068143575626567945,avg,64,dft_decomp,,2,0.10709638212726824,128,2,21aebfac
219,0.4976037889414282,1.6799951941878708,1.5811845156881543,1724546271,checkpoint_000005,True,False,6,17401cfa,2024-08-25_02-37-51,4.951915740966797,30.14595866203308,1757121,antonio,192.168.1.144,30.14595866203308,6,16,0.004132530085071172,conv,16,moving_avg,55.0,2,0.041375288136176726,64,4,17401cfa
220,0.6099701040103788,1.5929801355708728,1.5929801355708728,1724546287,checkpoint_000005,True,True,6,2142cb5f,2024-08-25_02-38-07,2.266664981842041,14.248594760894775,1757724,antonio,192.168.1.144,14.248594760894775,6,64,0.0009968884563555,avg,32,moving_avg,25.0,3,0.1057101848561949,64,2,2142cb5f
221,0.6306438598720754,1.6026253406681232,1.6026253406681232,1724546348,checkpoint_000005,True,False,6,670e7cea,2024-08-25_02-39-08,9.808271646499634,59.44877314567566,1758283,antonio,192.168.1.144,59.44877314567566,6,32,0.006823945284552423,conv,256,moving_avg,55.0,1,0.12152978298331545,1024,4,670e7cea
222,0.5532918776593082,1.6116293982223229,1.5911778847376505,1724546386,checkpoint_000005,True,True,6,8ed8de3d,2024-08-25_02-39-46,5.5048911571502686,34.68256878852844,1758973,antonio,192.168.1.144,34.68256878852844,6,16,0.001652363746232174,avg,8,moving_avg,15.0,3,0.10973369513405966,32,4,8ed8de3d
223,0.6056607477138379,1.5593671012807775,1.5593671012807775,1724546490,checkpoint_000004,True,True,5,96fdb027,2024-08-25_02-41-30,20.315223455429077,101.94072246551514,1759593,antonio,192.168.1.144,101.94072246551514,5,16,0.000534382004229542,avg,512,dft_decomp,,1,0.12562960139384743,1536,3,96fdb027
224,0.5835211891375605,1.5679787388488429,1.5616471607293656,1724546522,checkpoint_000005,True,False,6,81be6fb7,2024-08-25_02-42-02,4.833266735076904,29.856955528259277,1760341,antonio,192.168.1.144,29.856955528259277,6,32,0.006356632830515146,conv,128,dft_decomp,,1,0.1004309494902062,512,4,81be6fb7
225,0.5061648916758474,1.6582467840678656,1.592760582468403,1724546543,checkpoint_000005,True,True,6,220aeada,2024-08-25_02-42-23,2.924123525619507,19.04325580596924,1760942,antonio,192.168.1.144,19.04325580596924,6,32,0.008759047581687348,avg,16,moving_avg,35.0,3,0.09583828106007539,48,3,220aeada
226,0.5498358636605934,1.6813165098428726,1.6170223206281662,1724546577,checkpoint_000005,True,False,6,55702f3a,2024-08-25_02-42-57,5.200124740600586,31.86062264442444,1761515,antonio,192.168.1.144,31.86062264442444,6,128,0.00498489547274346,conv,128,moving_avg,15.0,2,0.09990088140060166,256,2,55702f3a
227,0.6138522909557234,1.568345510247928,1.568345510247928,1724546679,checkpoint_000002,True,True,3,857918a2,2024-08-25_02-44-39,33.328914403915405,100.46889853477478,1762121,antonio,192.168.1.144,100.46889853477478,3,32,0.0011955792535722335,avg,512,moving_avg,75.0,2,0.11602105624681334,1536,3,857918a2
228,0.5422392656080058,1.6947532801917105,1.6052145650892546,1724546790,checkpoint_000004,True,True,5,850356f2,2024-08-25_02-46-30,21.48074197769165,108.14614057540894,1762722,antonio,192.168.1.144,108.14614057540894,5,64,0.003011877843199982,conv,256,moving_avg,35.0,4,0.06319661831832002,768,3,850356f2
229,0.5947241744057077,1.587490800768137,1.586573425680399,1724546817,checkpoint_000005,True,True,6,14a43d3d,2024-08-25_02-46-57,4.066876411437988,24.61170482635498,1763488,antonio,192.168.1.144,24.61170482635498,6,128,0.008126507565555373,avg,128,dft_decomp,,1,0.08487226454616649,256,2,14a43d3d
230,0.4315136346227065,1.6843448290118466,1.5946976242242037,1724546865,checkpoint_000005,True,False,6,44af4d47,2024-08-25_02-47-45,7.548170566558838,46.39850902557373,1764076,antonio,192.168.1.144,46.39850902557373,6,16,0.0019087691593858002,conv,64,moving_avg,25.0,4,0.12954398672193557,192,3,44af4d47
231,0.6142199752760715,1.5990386791527271,1.5981316976249218,1724546879,checkpoint_000005,True,True,6,f68ddce5,2024-08-25_02-47-59,1.792208194732666,11.601244449615479,1764725,antonio,192.168.1.144,11.601244449615479,6,128,0.0014219440157272906,avg,32,dft_decomp,,2,0.11338778806051564,64,2,f68ddce5
232,0.8226311514612104,2.0345331501604904,1.6686281366134756,1724546998,checkpoint_000005,True,True,6,d08d1627,2024-08-25_02-49-58,19.433330535888672,117.15237879753113,1765277,antonio,192.168.1.144,117.15237879753113,6,32,0.003828975406077782,conv,256,moving_avg,25.0,4,0.1329289372173575,512,2,d08d1627
233,0.5768929915349992,1.62401532381773,1.6066265553236008,1724547068,checkpoint_000005,True,False,6,aee05038,2024-08-25_02-51-08,11.213416576385498,68.14765405654907,1766135,antonio,192.168.1.144,68.14765405654907,6,128,0.005634872483344163,avg,256,dft_decomp,,2,0.10852007380964969,512,2,aee05038
234,0.464911765238015,1.6499198291036818,1.6078656496825041,1724547112,checkpoint_000005,True,True,6,d217578f,2024-08-25_02-51-52,6.909473419189453,42.1865508556366,1766852,antonio,192.168.1.144,42.1865508556366,6,16,0.002483913560233146,conv,64,dft_decomp,,3,0.12248821063090523,256,4,d217578f
235,0.5299841270583575,1.6303335401549268,1.5883347312016274,1724547149,checkpoint_000005,True,False,6,c31243c4,2024-08-25_02-52-29,5.78722620010376,35.16917967796326,1767491,antonio,192.168.1.144,35.16917967796326,6,32,0.0013788913977808219,avg,64,moving_avg,15.0,4,0.0902916160605308,256,4,c31243c4
236,0.5363984857914877,1.6235153897484738,1.5966986213157426,1724547163,checkpoint_000005,True,True,6,b13be981,2024-08-25_02-52-43,1.8137123584747314,11.932260990142822,1768109,antonio,192.168.1.144,11.932260990142822,6,32,0.008909847461052646,avg,16,dft_decomp,,1,0.07036718153610824,32,2,b13be981
237,0.569862113502182,1.6279376424960237,1.6020675844220973,1724547181,checkpoint_000005,True,False,6,ee8a41ec,2024-08-25_02-53-01,2.628777265548706,15.91374397277832,1768659,antonio,192.168.1.144,15.91374397277832,6,32,0.0014129149919493518,conv,8,moving_avg,25.0,2,0.10764211125637181,32,4,ee8a41ec
238,0.5452593543001862,1.6230733901707095,1.5858735290925894,1724547195,checkpoint_000005,True,True,6,79835c46,2024-08-25_02-53-15,1.9401590824127197,12.353684425354004,1769220,antonio,192.168.1.144,12.353684425354004,6,32,0.010094926396737224,avg,32,moving_avg,75.0,1,0.0863735689566136,96,3,79835c46
239,0.5567837644574101,1.6281485862202114,1.6172111656930712,1724547219,checkpoint_000005,True,False,6,fd716633,2024-08-25_02-53-39,3.5089070796966553,21.990841150283813,1769769,antonio,192.168.1.144,21.990841150283813,6,16,0.0012302323144770773,conv,32,dft_decomp,,1,0.08591537343004797,64,2,fd716633
240,0.5583997173387496,1.6397905945777893,1.6214340589940548,1724547232,checkpoint_000005,True,True,6,8390701a,2024-08-25_02-53-52,1.7827320098876953,11.519283056259155,1770348,antonio,192.168.1.144,11.519283056259155,6,128,0.010232450097404757,avg,16,dft_decomp,,4,0.07950269445883903,32,2,8390701a
241,10684351.941939225,47135.42127740205,1.8271663482509442,1724547337,checkpoint_000001,True,True,2,5f7d9c72,2024-08-25_02-55-37,50.34629964828491,101.84642553329468,1770900,antonio,192.168.1.144,101.84642553329468,2,32,0.0027402027236884618,avg,512,dft_decomp,,4,0.09123881237093731,1536,3,5f7d9c72
242,0.5451718776441011,1.6449489335515606,1.6167778452830528,1724547362,checkpoint_000005,True,False,6,24779df8,2024-08-25_02-56-02,3.5317554473876953,22.75425100326538,1771433,antonio,192.168.1.144,22.75425100326538,6,32,0.002363457408829936,conv,8,moving_avg,15.0,4,0.08827732738829029,16,2,24779df8
243,0.6055307537317276,1.5809891446312863,1.5803444527868014,1724547377,checkpoint_000005,True,True,6,4841a89d,2024-08-25_02-56-17,2.0464065074920654,12.76472783088684,1772015,antonio,192.168.1.144,12.76472783088684,6,32,0.0007489185849919689,avg,32,moving_avg,35.0,1,0.10768385762636998,128,4,4841a89d
244,0.5414973321508189,1.6239538842981511,1.5897149570060498,1724547398,checkpoint_000005,True,False,6,a7651b1a,2024-08-25_02-56-38,3.0358190536499023,19.198785543441772,1772567,antonio,192.168.1.144,19.198785543441772,6,64,0.004985071572913152,avg,32,dft_decomp,,4,0.12735140427086927,64,2,a7651b1a
245,0.6281156549688245,1.6208864711225033,1.6208864711225033,1724547421,checkpoint_000005,True,True,6,77b8f107,2024-08-25_02-57-01,3.4610605239868164,21.330255270004272,1773138,antonio,192.168.1.144,21.330255270004272,6,128,0.0006199146313385134,conv,64,moving_avg,75.0,2,0.08704329616481121,256,4,77b8f107
246,0.5223910374963869,1.6307588673349638,1.5790173518123911,1724547440,checkpoint_000005,True,False,6,2763ad08,2024-08-25_02-57-20,2.7211177349090576,16.98837113380432,1773715,antonio,192.168.1.144,16.98837113380432,6,32,0.0060383679770346635,avg,64,moving_avg,35.0,1,0.11067171810118462,256,4,2763ad08
247,2.123455741014109e+18,4.2924854531224535e+18,1.5729909734939462,1724547504,checkpoint_000005,True,True,6,56c35921,2024-08-25_02-58-24,10.353026390075684,62.50355911254883,1774282,antonio,192.168.1.144,62.50355911254883,6,32,0.0119107539098356,avg,128,moving_avg,25.0,4,0.10897600706991235,384,3,56c35921
248,0.5613074991546694,1.5900746367194436,1.5781398722619722,1724547534,checkpoint_000005,True,False,6,57d8a438,2024-08-25_02-58-54,4.295567274093628,26.658464908599854,1774985,antonio,192.168.1.144,26.658464908599854,6,64,0.010919544304057338,conv,128,dft_decomp,,1,0.10491885442644491,384,3,57d8a438
249,0.5635550728098291,1.6051931597969749,1.5842814174565403,1724547644,checkpoint_000005,True,True,6,0e84e58e,2024-08-25_03-00-44,17.93362855911255,108.34992551803589,1775577,antonio,192.168.1.144,108.34992551803589,6,64,0.0015070877189647892,avg,256,moving_avg,15.0,4,0.05713820674062217,512,2,0e84e58e
250,0.6520427768347693,1.6569300703704357,1.6569300703704357,1724547653,checkpoint_000005,True,True,6,cd7a4867,2024-08-25_03-00-53,1.0217571258544922,6.942092180252075,1776416,antonio,192.168.1.144,6.942092180252075,6,128,0.0008801642370260743,conv,8,moving_avg,55.0,3,0.09088100257576578,24,3,cd7a4867
251,4.537211214909788,7.269052592190829,1.9374114022110447,1724547784,checkpoint_000003,True,True,4,4cd4ca4a,2024-08-25_03-03-04,32.28170680999756,129.45575666427612,1776950,antonio,192.168.1.144,129.45575666427612,4,64,0.007217661203881766,avg,512,moving_avg,15.0,2,0.07231373074319802,2048,4,4cd4ca4a
252,0.5784234326393878,1.6565548218786716,1.5945122689008713,1724547808,checkpoint_000005,True,False,6,d74fa326,2024-08-25_03-03-28,3.29809308052063,20.60315752029419,1777709,antonio,192.168.1.144,20.60315752029419,6,128,0.003395443425670184,avg,64,dft_decomp,,2,0.12262259175747053,256,4,d74fa326
253,0.5327212493600045,1.6383121614102965,1.592976614722499,1724547838,checkpoint_000005,True,True,6,9d32d3e5,2024-08-25_03-03-58,4.689342498779297,27.801019430160522,1778285,antonio,192.168.1.144,27.801019430160522,6,16,0.0026324460533850838,avg,16,dft_decomp,,2,0.117994334294764,32,2,9d32d3e5
254,0.5919781400532019,1.6000860170884565,1.5933199633251538,1724547849,checkpoint_000005,True,False,6,1d090963,2024-08-25_03-04-09,1.4406418800354004,9.356845140457153,1778882,antonio,192.168.1.144,9.356845140457153,6,64,0.001837022197518599,avg,16,moving_avg,55.0,2,0.1344633136381862,64,4,1d090963
255,0.6150674067559789,1.6102070473134518,1.6102070473134518,1724547859,checkpoint_000005,True,True,6,3ac95006,2024-08-25_03-04-19,1.2678749561309814,8.243043899536133,1779422,antonio,192.168.1.144,8.243043899536133,6,128,0.003649762560945868,conv,8,dft_decomp,,3,0.07540942750045357,24,3,3ac95006
256,0.5999349629292723,1.6171069759311099,1.6114287611209985,1724547874,checkpoint_000005,True,False,6,dd5626e9,2024-08-25_03-04-34,2.1058764457702637,13.038589477539062,1779962,antonio,192.168.1.144,13.038589477539062,6,64,0.0013995543208493162,conv,8,moving_avg,15.0,4,0.1303879268881312,16,2,dd5626e9
257,0.622912381872809,1.5985388552701032,1.5831039980605797,1724547930,checkpoint_000005,True,True,6,28adf6d3,2024-08-25_03-05-30,9.00038743019104,54.465216636657715,1780514,antonio,192.168.1.144,54.465216636657715,6,16,0.006629979715859873,conv,256,moving_avg,15.0,1,0.13267746042067133,512,2,28adf6d3
258,0.60835550163613,1.5868233207500342,1.5853872786868701,1724547942,checkpoint_000005,True,False,6,8c9f2621,2024-08-25_03-05-42,1.3222358226776123,8.5508873462677,1781192,antonio,192.168.1.144,8.5508873462677,6,64,0.001130848370527267,avg,8,moving_avg,55.0,2,0.08575883818214325,16,2,8c9f2621
259,0.5835203227938198,1.6065255186774514,1.5878321221380522,1724547955,checkpoint_000005,True,True,6,c7e11231,2024-08-25_03-05-55,1.7277724742889404,11.28921914100647,1781732,antonio,192.168.1.144,11.28921914100647,6,64,0.0035199596142610136,conv,8,dft_decomp,,3,0.06401973160754493,16,2,c7e11231
260,0.5958906930160912,1.5786889442691097,1.5786889442691097,1724548103,checkpoint_000002,True,True,3,2b50ea2e,2024-08-25_03-08-23,48.445119857788086,145.85023140907288,1782282,antonio,192.168.1.144,145.85023140907288,3,16,0.0005161262859487873,conv,512,dft_decomp,,3,0.10806138348386704,2048,4,2b50ea2e
261,0.5953133070273877,1.5871455329435844,1.5579249457076745,1724548218,checkpoint_000005,True,True,6,88c967d8,2024-08-25_03-10-18,18.747205018997192,113.50671935081482,1783016,antonio,192.168.1.144,113.50671935081482,6,16,0.003028048857346993,avg,256,dft_decomp,,3,0.09607769300148897,768,3,88c967d8
262,1.0220690447776044,2.3636313249815757,1.7375617338650262,1724548324,checkpoint_000002,True,True,3,751fbd92,2024-08-25_03-12-04,34.06785559654236,103.27297759056091,1783872,antonio,192.168.1.144,103.27297759056091,3,32,0.004007480484439005,avg,512,moving_avg,35.0,2,0.11981824642468664,2048,4,751fbd92
263,0.5699898471109203,1.6286021182031343,1.6017100395578328,1724548337,checkpoint_000005,True,False,6,35979e78,2024-08-25_03-12-17,1.7595181465148926,11.351744651794434,1784482,antonio,192.168.1.144,11.351744651794434,6,64,0.004944020585315247,avg,8,dft_decomp,,3,0.10834858406915301,16,2,35979e78
264,0.6122067893137697,1.628299005329609,1.628299005329609,1724548355,checkpoint_000005,True,True,6,5d21f493,2024-08-25_03-12-35,2.5436313152313232,15.865925788879395,1785031,antonio,192.168.1.144,15.865925788879395,6,128,0.0011496654394093895,conv,32,moving_avg,25.0,4,0.14777545350523866,96,3,5d21f493
265,0.6292024821531578,1.6101134870991562,1.6101134870991562,1724548372,checkpoint_000005,True,False,6,3e91d39a,2024-08-25_03-12-52,2.400796890258789,15.264606475830078,1785592,antonio,192.168.1.144,15.264606475830078,6,64,0.0006069541241986406,conv,16,dft_decomp,,4,0.04652083648095624,32,2,3e91d39a
266,0.5665235690406112,1.6197065855517532,1.5950807802604907,1724548433,checkpoint_000005,True,True,6,fa45b506,2024-08-25_03-13-53,9.835247993469238,59.43632197380066,1786150,antonio,192.168.1.144,59.43632197380066,6,64,0.006377521090712236,conv,128,moving_avg,35.0,4,0.0681489762478523,384,3,fa45b506
267,0.579646424191897,1.639110028743744,1.6181035041809082,1724548445,checkpoint_000005,True,False,6,83f95f34,2024-08-25_03-14-05,1.4090704917907715,9.406019449234009,1786839,antonio,192.168.1.144,9.406019449234009,6,128,0.0073225818317814995,avg,8,dft_decomp,,4,0.09157285871570345,16,2,83f95f34
268,0.6058297294085143,1.6173756420612335,1.6079577282071114,1724548562,checkpoint_000003,True,True,4,e4b7d318,2024-08-25_03-16-02,28.5184485912323,114.49259972572327,1787385,antonio,192.168.1.144,114.49259972572327,4,128,0.0020574951921811147,avg,512,moving_avg,15.0,2,0.11007127403991004,1536,3,e4b7d318
269,0.5711220285443009,1.6281942490375403,1.5815256237983704,1724548636,checkpoint_000005,True,True,6,8449ac35,2024-08-25_03-17-16,11.632940769195557,70.60824990272522,1788095,antonio,192.168.1.144,70.60824990272522,6,64,0.0019215517482337916,conv,256,dft_decomp,,2,0.12054013989624364,512,2,8449ac35
270,0.5397301760853314,1.6218938520460418,1.60658767006614,1724548658,checkpoint_000005,True,False,6,78a1cf30,2024-08-25_03-17-38,3.1675028800964355,19.822291374206543,1788827,antonio,192.168.1.144,19.822291374206543,6,64,0.005555938212858442,avg,32,dft_decomp,,4,0.105240884148939,96,3,78a1cf30
271,0.4647924083385975,1.5805746996844257,1.580162692953039,1724548688,checkpoint_000005,True,True,6,ea6b3787,2024-08-25_03-18-08,4.465577125549316,28.081947088241577,1789401,antonio,192.168.1.144,28.081947088241577,6,16,0.008933243288765536,avg,32,moving_avg,35.0,2,0.10949782162839855,128,4,ea6b3787
272,0.5948440745228627,1.6060324473814531,1.5950943809567075,1724548710,checkpoint_000005,True,False,6,c3f3837a,2024-08-25_03-18-30,3.1687793731689453,19.816824197769165,1789998,antonio,192.168.1.144,19.816824197769165,6,64,0.00118707901156883,avg,32,dft_decomp,,4,0.09543913122422895,96,3,c3f3837a
273,0.6824068080206387,1.7320009674598922,1.6276981688257475,1724548819,checkpoint_000005,True,True,6,da5a1f0e,2024-08-25_03-20-19,17.69377589225769,106.93336272239685,1790572,antonio,192.168.1.144,106.93336272239685,6,32,0.006174629723239365,avg,512,dft_decomp,,1,0.09683972339281612,1024,2,da5a1f0e
274,0.548822615723141,1.6763234788721257,1.5807681715849675,1724548875,checkpoint_000005,True,True,6,7052526f,2024-08-25_03-21-15,8.93295669555664,54.19621968269348,1791403,antonio,192.168.1.144,54.19621968269348,6,64,0.003378288961120177,avg,128,moving_avg,55.0,3,0.1374857229494312,512,4,7052526f
275,0.5775156852414027,1.5886363625526427,1.5820581961561133,1724548908,checkpoint_000005,True,False,6,ba8fae62,2024-08-25_03-21-48,5.072026968002319,30.87008309364319,1792079,antonio,192.168.1.144,30.87008309364319,6,16,0.00099107895806304,avg,128,moving_avg,15.0,1,0.11467456283291179,256,2,ba8fae62
276,0.5515912062809115,1.5919180584676338,1.5846961790865117,1724548925,checkpoint_000005,True,True,6,c3546be5,2024-08-25_03-22-05,2.317486524581909,14.596027374267578,1792682,antonio,192.168.1.144,14.596027374267578,6,64,0.002847178467236396,conv,64,moving_avg,15.0,1,0.11503373981136149,256,4,c3546be5
277,0.5346396869555086,1.617425181689086,1.5816955893128006,1724548988,checkpoint_000005,True,False,6,4f886cc2,2024-08-25_03-23-08,10.10858964920044,61.20245409011841,1793240,antonio,192.168.1.144,61.20245409011841,6,16,0.0031003477571711706,avg,256,moving_avg,55.0,1,0.08680456121950844,768,3,4f886cc2
278,0.4811040657917171,1.6853536367416382,1.5768797079722086,1724549020,checkpoint_000005,True,True,6,9b2a4f11,2024-08-25_03-23-40,4.923952341079712,29.703444480895996,1793940,antonio,192.168.1.144,29.703444480895996,6,16,0.004480434217385223,conv,32,moving_avg,55.0,2,0.08760119666999985,128,4,9b2a4f11
279,0.60756896890258,1.5608986881044176,1.5608986881044176,1724549081,checkpoint_000005,True,False,6,f660e5f5,2024-08-25_03-24-41,9.741893291473389,59.23402786254883,1794540,antonio,192.168.1.144,59.23402786254883,6,16,0.0060382702689728025,conv,256,dft_decomp,,1,0.06354303583048988,768,3,f660e5f5
280,1.1530377928350792,2.5327213628968197,1.8876015597314977,1724549231,checkpoint_000002,True,True,3,deaf86b0,2024-08-25_03-27-11,48.96727705001831,148.02810263633728,1795228,antonio,192.168.1.144,148.02810263633728,3,32,0.0019014313204194966,conv,512,moving_avg,55.0,3,0.113312132589791,2048,4,deaf86b0
281,0.6056402687166558,1.5855124159292742,1.5821186900138855,1724549348,checkpoint_000004,True,True,5,df51c66a,2024-08-25_03-29-08,22.866924047470093,115.36402654647827,1795971,antonio,192.168.1.144,115.36402654647827,5,64,0.0009165548392198133,avg,256,dft_decomp,,4,0.06894877853063204,1024,4,df51c66a
282,0.5655110282976119,1.608527143796285,1.5956957286054438,1724549359,checkpoint_000005,True,True,6,d5efa313,2024-08-25_03-29-19,1.2224688529968262,8.117857456207275,1796759,antonio,192.168.1.144,8.117857456207275,6,64,0.010650221405421772,avg,16,dft_decomp,,1,0.108363611556823,64,4,d5efa313
283,1845.0387396003084,4299.227299442998,1.6024573864760223,1724549460,checkpoint_000005,True,False,6,8ed3680c,2024-08-25_03-31-00,16.477501153945923,98.85925698280334,1797296,antonio,192.168.1.144,98.85925698280334,6,16,0.007042182624420858,conv,256,moving_avg,55.0,2,0.08998952090696444,1024,4,8ed3680c
284,0.5894022587625707,1.6062975347931705,1.6018643654994111,1724549483,checkpoint_000005,True,True,6,030197d0,2024-08-25_03-31-23,3.5692050457000732,21.361358165740967,1798109,antonio,192.168.1.144,21.361358165740967,6,32,0.0008055802416337574,conv,8,moving_avg,25.0,4,0.1578726674855439,24,3,030197d0
285,0.4999929822859217,1.6317530473073323,1.5837131196802312,1724549498,checkpoint_000005,True,False,6,b1155aa4,2024-08-25_03-31-38,2.1482725143432617,13.300957679748535,1798686,antonio,192.168.1.144,13.300957679748535,6,64,0.011036504425534744,conv,16,dft_decomp,,3,0.06916790013130227,64,4,b1155aa4
286,0.6007657239183051,1.5760776996612549,1.5656482595116346,1724549538,checkpoint_000005,True,True,6,4cd971cb,2024-08-25_03-32-18,6.229195594787598,38.18221378326416,1799238,antonio,192.168.1.144,38.18221378326416,6,32,0.0005110157478767812,conv,128,dft_decomp,,2,0.07939924675931487,256,2,4cd971cb
287,0.4754545821762476,1.7081640691899542,1.5884146254454086,1724549569,checkpoint_000005,True,False,6,1367c90c,2024-08-25_03-32-49,4.709867238998413,29.0976824760437,1799862,antonio,192.168.1.144,29.0976824760437,6,32,0.0030386540956484757,conv,64,dft_decomp,,3,0.10802096411839313,128,2,1367c90c
288,0.6470965469469789,1.6438243575394154,1.6438243575394154,1724549576,checkpoint_000005,True,True,6,554eb146,2024-08-25_03-32-56,0.7580981254577637,5.240700721740723,1800462,antonio,192.168.1.144,5.240700721740723,6,128,0.0006750032920320471,conv,8,moving_avg,55.0,1,0.07423481953623498,32,4,554eb146
289,0.5070011159881248,1.6425747403392086,1.5890147200337164,1724549607,checkpoint_000005,True,False,6,f913e8a4,2024-08-25_03-33-27,4.645854949951172,28.653223752975464,1800990,antonio,192.168.1.144,28.653223752975464,6,16,0.00404874878854034,conv,8,dft_decomp,,2,0.10653421050006912,16,2,f913e8a4
290,0.4814552256806952,1.6504771558206472,1.5852246907219958,1724549630,checkpoint_000005,True,True,6,0eff719d,2024-08-25_03-33-50,3.2908782958984375,20.869253396987915,1801590,antonio,192.168.1.144,20.869253396987915,6,32,0.004468102511196429,conv,32,moving_avg,35.0,3,0.10194750743946374,128,4,0eff719d
291,0.5230045404101982,1.6143048672533746,1.5785327269070184,1724549659,checkpoint_000005,True,False,6,e43ef101,2024-08-25_03-34-19,4.413374185562134,27.33812427520752,1802166,antonio,192.168.1.144,27.33812427520752,6,32,0.00812342106147335,avg,128,dft_decomp,,1,0.10915749553223007,256,2,e43ef101
292,0.6291070414371178,1.6028654503099846,1.6028654503099846,1724549670,checkpoint_000005,True,True,6,29bd36f3,2024-08-25_03-34-30,1.4845800399780273,9.276662826538086,1802760,antonio,192.168.1.144,9.276662826538086,6,64,0.0005414119911289464,avg,16,moving_avg,25.0,2,0.11957865305155704,48,3,29bd36f3
293,32040237102.06953,47462973925.45185,1.6318875701339157,1724549775,checkpoint_000003,True,True,4,09c0d610,2024-08-25_03-36-15,25.455228090286255,103.1689760684967,1803301,antonio,192.168.1.144,103.1689760684967,4,16,0.003848333932247327,conv,256,dft_decomp,,4,0.10803666827446237,1024,4,09c0d610
294,0.6343369347150208,1.620044119656086,1.620044119656086,1724549910,checkpoint_000002,True,True,3,afd908aa,2024-08-25_03-38-30,44.03272247314453,133.0087375640869,1803979,antonio,192.168.1.144,133.0087375640869,3,128,0.001702039311804448,avg,512,dft_decomp,,3,0.10777054703300572,2048,4,afd908aa
295,0.6026219326208849,1.5805501519744076,1.5622378436487112,1724550050,checkpoint_000002,True,True,3,b9d15f05,2024-08-25_03-40-50,45.84970307350159,137.87466669082642,1804681,antonio,192.168.1.144,137.87466669082642,3,32,0.0006746091263257823,avg,512,moving_avg,15.0,3,0.0841465482984252,2048,4,b9d15f05
296,0.6058703025833505,1.599723007529974,1.5971666276454926,1724550065,checkpoint_000005,True,False,6,56f32efe,2024-08-25_03-41-05,2.0054023265838623,12.884089946746826,1805393,antonio,192.168.1.144,12.884089946746826,6,128,0.0029369087030776567,conv,16,dft_decomp,,4,0.09829035896951599,64,4,56f32efe
297,0.5262942726983398,1.6338192936199813,1.6020540532781118,1724550090,checkpoint_000005,True,True,6,0b6e22c0,2024-08-25_03-41-30,3.662567138671875,23.02557134628296,1805948,antonio,192.168.1.144,23.02557134628296,6,32,0.0035853623131862585,conv,16,dft_decomp,,4,0.11410919704901755,32,2,0b6e22c0
298,0.5572991825518061,1.6241468913627393,1.5734144575668103,1724550107,checkpoint_000005,True,False,6,3c852f05,2024-08-25_03-41-47,2.438342332839966,15.407975435256958,1806527,antonio,192.168.1.144,15.407975435256958,6,64,0.006018769635159818,avg,64,dft_decomp,,1,0.08623947140502802,256,4,3c852f05
299,0.5573331586650161,1.6051282082031022,1.5830897777827817,1724550139,checkpoint_000005,True,True,6,ff5f8897,2024-08-25_03-42-19,4.917137384414673,30.106709003448486,1807088,antonio,192.168.1.144,30.106709003448486,6,32,0.0024757822443130743,conv,128,moving_avg,75.0,1,0.12645051943822797,384,3,ff5f8897
300,0.6100437299149936,1.6131809577345848,1.6091941371560097,1724550149,checkpoint_000005,True,False,6,780a4a83,2024-08-25_03-42-29,1.2297403812408447,8.217153549194336,1807688,antonio,192.168.1.144,8.217153549194336,6,128,0.002227023624049477,avg,16,dft_decomp,,2,0.11909957153905916,48,3,780a4a83
301,0.6169640402324864,1.6038411296904087,1.6038411296904087,1724550164,checkpoint_000005,True,True,6,2acb9be8,2024-08-25_03-42-44,2.112643241882324,13.325454473495483,1808228,antonio,192.168.1.144,13.325454473495483,6,128,0.002035601026769129,avg,64,moving_avg,35.0,1,0.12396271566954918,192,3,2acb9be8
302,3.054414246012905e+17,1.181839671729907e+16,1.9178440108228085,1724550303,checkpoint_000002,True,True,3,9766d273,2024-08-25_03-45-03,45.403632164001465,137.2115981578827,1808781,antonio,192.168.1.144,137.2115981578827,3,32,0.005725259208559673,conv,512,moving_avg,15.0,3,0.14162679026513342,2048,4,9766d273
303,0.4903134859047053,1.6582066535949707,1.576696353930014,1724550329,checkpoint_000005,True,False,6,b868dcb4,2024-08-25_03-45-29,3.8337745666503906,24.364633560180664,1809491,antonio,192.168.1.144,24.364633560180664,6,16,0.008986162309323776,conv,64,moving_avg,75.0,1,0.14032050139549962,128,2,b868dcb4
304,0.6464964366350018,1.64704829454422,1.64704829454422,1724550346,checkpoint_000005,True,True,6,7e58ab8a,2024-08-25_03-45-46,2.337510585784912,14.628628969192505,1810076,antonio,192.168.1.144,14.628628969192505,6,128,0.0006979239966689683,avg,32,moving_avg,55.0,3,0.15316742824625268,128,4,7e58ab8a
305,0.49374917143449215,1.6552986573289943,1.5787791852597837,1724550371,checkpoint_000005,True,False,6,c50c2852,2024-08-25_03-46-11,3.708552837371826,23.14767050743103,1810634,antonio,192.168.1.144,23.14767050743103,6,16,0.006665453446095792,avg,64,moving_avg,35.0,1,0.10041919383311626,256,4,c50c2852
306,0.5677657448610322,1.64951305336027,1.5942969055318121,1724550407,checkpoint_000003,True,False,4,d9d8e5b3,2024-08-25_03-46-47,8.37058401107788,34.02684545516968,1811216,antonio,192.168.1.144,34.02684545516968,4,32,0.002223604272370209,conv,256,moving_avg,25.0,1,0.08913297364562817,512,2,d9d8e5b3
