,train_loss,valid_loss,best_valid_loss,timestamp,checkpoint_dir_name,should_checkpoint,done,training_iteration,trial_id,date,time_this_iter_s,time_total_s,pid,hostname,node_ip,time_since_restore,iterations_since_restore,config/alpha_d_ff,config/batch_size,config/d_model,config/decomp_method/decomp_method,config/down_sampling_method,config/dropout,config/e_layers,config/learning_rate,logdir,config/decomp_method/moving_avg
0,0.5933208524203691,1.5996205084251636,1.5903464194500085,1724476884,checkpoint_000005,True,False,6,4138d74d,2024-08-24_07-21-24,2.1400883197784424,13.600940704345703,741561,antonio,192.168.1.144,13.600940704345703,6,4,64,8,dft_decomp,avg,0.0990448800935579,4,0.001631158227501476,4138d74d,
1,0.5102343273431001,1.6294177880993597,1.5816860035613731,1724476910,checkpoint_000004,True,False,5,dcb4d3d5,2024-08-24_07-21-50,4.4486918449401855,24.21265745162964,742183,antonio,192.168.1.144,24.21265745162964,5,3,16,16,dft_decomp,conv,0.09012666779719704,2,0.01064263000037022,dcb4d3d5,
2,0.5707519823899034,1.581128609902931,1.5720085682290974,1724476956,checkpoint_000006,True,False,7,d7816b5e,2024-08-24_07-22-36,6.194650650024414,43.95109510421753,742697,antonio,192.168.1.144,43.95109510421753,7,3,64,128,dft_decomp,conv,0.0925162833765015,2,0.001259391180831956,d7816b5e,
3,0.6004716134753939,1.5682838806399593,1.5639687750074598,1724477060,checkpoint_000004,True,True,5,0a718da3,2024-08-24_07-24-20,20.193756103515625,101.63502287864685,743411,antonio,192.168.1.144,101.63502287864685,5,3,16,512,dft_decomp,avg,0.10005171002606002,1,0.0008318929334924678,0a718da3,
4,0.5124513824455074,1.6830033912803188,1.616866572336717,1724477075,checkpoint_000006,True,False,7,0b9eea2a,2024-08-24_07-24-35,1.7256965637207031,13.08841586112976,744158,antonio,192.168.1.144,13.08841586112976,7,2,64,16,moving_avg,conv,0.07431613933182805,3,0.006730655699341551,0b9eea2a,15.0
5,0.5591383614256734,1.6310033851595067,1.599843589227591,1724477101,checkpoint_000004,True,False,5,9492fa28,2024-08-24_07-25-01,4.701532363891602,24.136028051376343,744781,antonio,192.168.1.144,24.136028051376343,5,3,32,64,moving_avg,avg,0.07683623441236416,3,0.0011650014804827074,9492fa28,35.0
6,0.6074959713904584,1.604264423251152,1.6005778275430202,1724477113,checkpoint_000006,True,False,7,2284a318,2024-08-24_07-25-13,1.2851641178131104,9.855262279510498,745295,antonio,192.168.1.144,9.855262279510498,7,4,128,16,dft_decomp,conv,0.0753590163357007,2,0.002511404254926715,2284a318,
7,0.5180901342728099,1.614312348943768,1.6041210131211714,1724477127,checkpoint_000006,True,False,7,11c7eacb,2024-08-24_07-25-27,1.6040232181549072,12.017296552658081,745912,antonio,192.168.1.144,12.017296552658081,7,4,64,8,moving_avg,avg,0.08180975226279208,3,0.010052790919426012,11c7eacb,55.0
8,0.7853986224757625,1.974156046796728,1.6204935197476988,1724477221,checkpoint_000003,True,False,4,8ab49a95,2024-08-24_07-27-01,22.789016246795654,91.66864395141602,746533,antonio,192.168.1.144,91.66864395141602,4,4,16,512,moving_avg,conv,0.05999454279983519,1,0.006070584790668805,8ab49a95,35.0
9,0.5674816526350428,1.7010942548513412,1.6139826104044914,1724477247,checkpoint_000004,True,False,5,49dc9ea1,2024-08-24_07-27-27,4.756315231323242,24.40901494026184,747179,antonio,192.168.1.144,24.40901494026184,5,4,128,64,moving_avg,conv,0.11884684425154694,4,0.0032240924334661727,49dc9ea1,15.0
10,0.5027805905117363,1.6301706575635653,1.6207104752312844,1724477296,checkpoint_000004,True,False,5,1954e8ad,2024-08-24_07-28-16,9.146756172180176,46.592976808547974,747693,antonio,192.168.1.144,46.592976808547974,5,4,32,128,dft_decomp,conv,0.08618920581912012,3,0.0032161332521737297,1954e8ad,
11,0.5015523435513666,1.6309834087336506,1.5984216756290859,1724477340,checkpoint_000005,True,False,6,743b5daa,2024-08-24_07-29-00,6.813284873962402,41.98307800292969,748271,antonio,192.168.1.144,41.98307800292969,6,4,16,32,moving_avg,avg,0.0685366286539392,4,0.002023064828980055,743b5daa,75.0
12,0.48482874744251125,1.6640794641936003,1.589723531879596,1724477367,checkpoint_000006,True,False,7,ddc42f98,2024-08-24_07-29-27,3.7217342853546143,25.255165338516235,748911,antonio,192.168.1.144,25.255165338516235,7,2,32,16,dft_decomp,avg,0.126638885779985,4,0.007088916976912298,ddc42f98,
13,0.6056300587341433,1.5894851870834827,1.5894851870834827,1724477493,checkpoint_000004,True,True,5,5ad2934c,2024-08-24_07-31-33,24.797513246536255,124.51845812797546,749568,antonio,192.168.1.144,124.51845812797546,5,2,128,512,dft_decomp,conv,0.10974725729420516,2,0.004616028475869769,5ad2934c,
14,0.6311425791412103,1.6285108178853989,1.6285108178853989,1724477558,checkpoint_000007,True,False,8,2aff9e60,2024-08-24_07-32-38,7.665526628494263,62.142133474349976,750388,antonio,192.168.1.144,62.142133474349976,8,3,128,128,dft_decomp,avg,0.03907355046545624,3,0.0008815990252248222,2aff9e60,
15,0.6140958705886466,1.5901155255057595,1.5893722646164172,1724477577,checkpoint_000007,True,False,8,c515a439,2024-08-24_07-32-57,1.991586446762085,16.784345865249634,751225,antonio,192.168.1.144,16.784345865249634,8,4,64,32,dft_decomp,avg,0.11313326444448761,2,0.0005834474389940705,c515a439,
16,0.5890801116579869,1.60902995138026,1.5946064893879108,1724477684,checkpoint_000003,True,True,4,eff11b3a,2024-08-24_07-34-44,26.216111660003662,105.34818649291992,751932,antonio,192.168.1.144,105.34818649291992,4,2,32,512,moving_avg,conv,0.08302184582269503,2,0.0007874187463015802,eff11b3a,25.0
17,0.5613786856659123,1.58649080991745,1.5698002016366417,1724477732,checkpoint_000004,True,False,5,ce680db1,2024-08-24_07-35-32,9.081897497177124,46.289552450180054,752615,antonio,192.168.1.144,46.289552450180054,5,4,32,128,dft_decomp,avg,0.09142939194888641,3,0.001386678468194237,ce680db1,
18,0.6480124768663625,1.639810435473919,1.639810435473919,1724477749,checkpoint_000007,True,False,8,3e25555f,2024-08-24_07-35-49,1.7851758003234863,15.081562757492065,753194,antonio,192.168.1.144,15.081562757492065,8,2,128,32,dft_decomp,avg,0.06102074610384979,2,0.0005418796974631459,3e25555f,
19,0.5500719087743077,1.6866557403847022,1.5979690255942167,1724477786,checkpoint_000004,True,False,5,85234c81,2024-08-24_07-36-26,6.551328659057617,35.19303226470947,753894,antonio,192.168.1.144,35.19303226470947,5,2,16,8,dft_decomp,conv,0.11798535366656013,4,0.0021653546679006206,85234c81,
20,0.5384666220664003,1.6127135983219854,1.583098496331109,1724477821,checkpoint_000004,True,False,5,f4eb6174,2024-08-24_07-37-01,7.114218711853027,33.48892331123352,754442,antonio,192.168.1.144,33.48892331123352,5,3,16,8,moving_avg,avg,0.08574615620252438,4,0.0026917288040676983,f4eb6174,75.0
21,0.5587547998608743,1.5865663448969523,1.57858391073015,1724477869,checkpoint_000006,True,False,7,c0ae4bfd,2024-08-24_07-37-49,6.548182249069214,44.97020769119263,754983,antonio,192.168.1.144,44.97020769119263,7,2,16,64,dft_decomp,avg,0.1088131757058847,3,0.0006767066134725878,c0ae4bfd,
22,0.5445577836231708,1.6322655196543092,1.5856866699677927,1724477888,checkpoint_000004,True,False,5,fccc4bc0,2024-08-24_07-38-08,3.2426390647888184,17.54681968688965,755701,antonio,192.168.1.144,17.54681968688965,5,2,16,32,dft_decomp,avg,0.08841679656276359,1,0.00350736338472329,fccc4bc0,
23,0.6193043813109398,1.5801703743080595,1.5801703743080595,1724478006,checkpoint_000004,True,True,5,e1dd9d13,2024-08-24_07-40-06,22.98535132408142,115.22053098678589,756232,antonio,192.168.1.144,115.22053098678589,5,4,32,512,moving_avg,conv,0.09209471286683422,1,0.001110959647597393,e1dd9d13,75.0
24,0.5893523558729985,1.6306716113379507,1.598272816701369,1724478017,checkpoint_000004,True,False,5,d4e87f4a,2024-08-24_07-40-17,1.6538691520690918,9.358257293701172,757019,antonio,192.168.1.144,9.358257293701172,5,4,64,16,dft_decomp,conv,0.1414077329233074,2,0.0025856772071394508,d4e87f4a,
25,0.6111378034607309,1.589443389326334,1.5887885726988316,1724478074,checkpoint_000006,True,False,7,0adcf665,2024-08-24_07-41-14,7.809861660003662,55.49055504798889,757488,antonio,192.168.1.144,55.49055504798889,7,2,128,256,dft_decomp,avg,0.06309285380426805,1,0.001554587008537956,0adcf665,
26,0.5379694112744487,1.626308011474894,1.6021550698066824,1724478096,checkpoint_000004,True,False,5,bcc1b404,2024-08-24_07-41-36,3.314945697784424,18.873882293701172,758239,antonio,192.168.1.144,18.873882293701172,5,2,32,8,dft_decomp,avg,0.11454227720447253,4,0.006155108895561174,bcc1b404,
27,0.6230311368088253,1.5827451659672296,1.5827451659672296,1724478218,checkpoint_000003,True,True,4,28369f7f,2024-08-24_07-43-38,29.78868269920349,120.0202157497406,758738,antonio,192.168.1.144,120.0202157497406,4,3,32,512,dft_decomp,avg,0.10749459299869123,2,0.001987040383673968,28369f7f,
28,0.4334756249299079,1.6345154832910609,1.5716154275117098,1724478278,checkpoint_000004,True,False,5,a4b0dce8,2024-08-24_07-44-38,11.458215236663818,57.90415811538696,759467,antonio,192.168.1.144,57.90415811538696,5,3,16,128,moving_avg,avg,0.11275548032028908,4,0.0014017610546721896,a4b0dce8,15.0
29,0.6077950362299309,1.6033516004681587,1.6023324206471443,1724478382,checkpoint_000006,True,True,7,71c3c524,2024-08-24_07-46-22,14.443249225616455,101.88509774208069,760085,antonio,192.168.1.144,101.88509774208069,7,2,128,256,moving_avg,avg,0.09581194700722287,3,0.0012177619174732505,71c3c524,25.0
30,0.5405991568428571,1.6036068361196945,1.5739514640907744,1724478412,checkpoint_000005,True,False,6,4424e324,2024-08-24_07-46-52,4.505058765411377,27.616029977798462,760971,antonio,192.168.1.144,27.616029977798462,6,2,32,64,moving_avg,avg,0.10755673832071197,3,0.0016855740820126755,4424e324,35.0
31,0.5500596221841749,1.6907108942074562,1.5926323408511147,1724478505,checkpoint_000004,True,False,5,fce1ff29,2024-08-24_07-48-25,18.024389266967773,90.69851207733154,761569,antonio,192.168.1.144,90.69851207733154,5,3,32,256,moving_avg,conv,0.13778358764163456,3,0.001298704963885529,fce1ff29,35.0
32,44497.29869604892,48560.13565473414,1.857850626333436,1724478643,checkpoint_000002,True,True,3,422fc89d,2024-08-24_07-50-43,44.88441348075867,136.2984974384308,762282,antonio,192.168.1.144,136.2984974384308,3,4,32,512,dft_decomp,conv,0.12297411951496522,3,0.004831003909328543,422fc89d,
33,0.5253561576370334,1.6159873747113924,1.5988639495266017,1724478665,checkpoint_000006,True,False,7,c6eb872b,2024-08-24_07-51-05,2.6535143852233887,20.520270824432373,762985,antonio,192.168.1.144,20.520270824432373,7,3,32,32,dft_decomp,avg,0.06377790242828937,2,0.003963854600167525,c6eb872b,
34,0.5875330805534222,1.595058852167272,1.5728036360954172,1724478693,checkpoint_000004,True,False,5,5d4622b7,2024-08-24_07-51-33,4.911560535430908,25.20000123977661,763632,antonio,192.168.1.144,25.20000123977661,5,2,32,64,moving_avg,avg,0.06692368878325008,3,0.0005987453094460454,5d4622b7,75.0
35,0.3982857516938192,1.5840113388167487,1.5773146664654767,1724478745,checkpoint_000004,True,False,5,bcb9971a,2024-08-24_07-52-25,9.909481048583984,50.183757066726685,764149,antonio,192.168.1.144,50.183757066726685,5,3,16,128,dft_decomp,conv,0.08402778843997957,3,0.0031681743497504506,bcb9971a,
36,0.5500744649621306,1.6307238079607487,1.6207378059625626,1724478803,checkpoint_000005,True,False,6,302d000c,2024-08-24_07-53-23,9.160411834716797,55.61921525001526,764739,antonio,192.168.1.144,55.61921525001526,6,2,128,128,moving_avg,avg,0.1372485290869624,4,0.009615210437847388,302d000c,55.0
37,0.5630734930517244,1.595623297477836,1.577549852542023,1724478826,checkpoint_000006,True,False,7,5e4c3658,2024-08-24_07-53-46,3.0904691219329834,21.359562873840332,765416,antonio,192.168.1.144,21.359562873840332,7,4,32,8,moving_avg,avg,0.07162120286235375,3,0.0022996457554414775,5e4c3658,75.0
38,0.7209010297646288,1.813491561519566,1.670840928803629,1724478918,checkpoint_000003,True,False,4,587538db,2024-08-24_07-55-18,22.317282676696777,89.62498784065247,766064,antonio,192.168.1.144,89.62498784065247,4,4,32,512,moving_avg,avg,0.06485950535148399,1,0.003729593055226916,587538db,55.0
39,0.6545412872658402,1.6654124893248081,1.6654124893248081,1724478933,checkpoint_000007,True,False,8,ba979bd7,2024-08-24_07-55-33,1.5737438201904297,13.325721263885498,766706,antonio,192.168.1.144,13.325721263885498,8,3,128,16,dft_decomp,conv,0.07387322026704046,3,0.0006476743214879139,ba979bd7,
40,0.4750373721854087,1.713746260713648,1.5659108722651447,1724478964,checkpoint_000003,True,False,4,87b712b1,2024-08-24_07-56-04,7.2686927318573,28.63049292564392,767400,antonio,192.168.1.144,28.63049292564392,4,4,16,32,moving_avg,avg,0.10654897127238003,4,0.010664834889612618,87b712b1,75.0
41,0.5822273277845539,1.640024472028017,1.6096758656203747,1724478974,checkpoint_000005,True,False,6,2291caba,2024-08-24_07-56-14,1.1964056491851807,7.872799873352051,767858,antonio,192.168.1.144,7.872799873352051,6,2,128,8,moving_avg,avg,0.08350870836512937,4,0.007572815449552786,2291caba,35.0
42,0.5969847860883494,1.6150914877653122,1.5968336276710033,1724478993,checkpoint_000004,True,False,5,8415ef6e,2024-08-24_07-56-33,3.2454488277435303,17.090796947479248,768398,antonio,192.168.1.144,17.090796947479248,5,4,128,64,dft_decomp,conv,0.13814729364011258,2,0.0023458558945768436,8415ef6e,
43,0.6053346874283962,1.622059490531683,1.6134516038000584,1724479043,checkpoint_000006,True,False,7,8e78993d,2024-08-24_07-57-23,6.80813193321228,48.25617074966431,768893,antonio,192.168.1.144,48.25617074966431,7,2,128,128,moving_avg,conv,0.10260761506606624,3,0.0010271946508031776,8e78993d,25.0
44,0.5649915982465274,1.701657734811306,1.595136322081089,1724479088,checkpoint_000004,True,False,5,3ee4276a,2024-08-24_07-58-08,8.542469024658203,43.35341501235962,769618,antonio,192.168.1.144,43.35341501235962,5,4,128,128,moving_avg,conv,0.13863899258397563,3,0.005457415328835374,3ee4276a,55.0
45,0.662074580544331,1.6920306198298931,1.6920306198298931,1724479099,checkpoint_000007,True,False,8,64278b87,2024-08-24_07-58-19,1.059110164642334,8.98097562789917,770187,antonio,192.168.1.144,8.98097562789917,8,4,128,8,moving_avg,avg,0.11763114608045945,3,0.0006437986881331838,64278b87,75.0
46,0.6119791647938432,1.5763517609283106,1.5754246462636918,1724479123,checkpoint_000007,True,False,8,529c47d2,2024-08-24_07-58-43,2.690765380859375,22.33753228187561,770869,antonio,192.168.1.144,22.33753228187561,8,2,32,64,dft_decomp,conv,0.07786261880184259,1,0.0005530639989227764,529c47d2,
47,0.4800100357620263,1.641270602632452,1.567655164665646,1724479161,checkpoint_000004,True,False,5,56cff665,2024-08-24_07-59-21,7.209930896759033,35.97587585449219,771590,antonio,192.168.1.144,35.97587585449219,5,2,16,16,moving_avg,avg,0.07184703186059412,4,0.008161454485010898,56cff665,55.0
48,0.6401036997310451,1.6543147303164005,1.6543147303164005,1724479175,checkpoint_000007,True,False,8,723e5131,2024-08-24_07-59-35,1.4332489967346191,12.459269523620605,772138,antonio,192.168.1.144,12.459269523620605,8,3,128,8,dft_decomp,conv,0.04362499154729027,4,0.0006878604038986386,723e5131,
49,0.6082932724327338,1.595618136227131,1.5924031846225262,1724479233,checkpoint_000005,True,False,6,8f94cc69,2024-08-24_08-00-33,9.088081121444702,55.00636863708496,772836,antonio,192.168.1.144,55.00636863708496,6,3,128,256,moving_avg,avg,0.1632685529344955,1,0.0028812227027726627,8f94cc69,75.0
50,0.5898385565789019,1.5870471759275957,1.5740671067526846,1724479269,checkpoint_000004,True,False,5,c910a0da,2024-08-24_08-01-09,6.677913665771484,34.01570463180542,773509,antonio,192.168.1.144,34.01570463180542,5,3,64,128,moving_avg,avg,0.16087775958631867,2,0.0010744845863370736,c910a0da,75.0
51,0.6092275820794653,1.583399980357199,1.582823973713499,1724479305,checkpoint_000006,True,False,7,0ed8cfa0,2024-08-24_08-01-45,4.783903360366821,34.00500679016113,774053,antonio,192.168.1.144,34.00500679016113,7,4,64,64,moving_avg,avg,0.09670579644015762,3,0.000560973724229431,0ed8cfa0,75.0
52,0.6098253265267513,1.5642850381224902,1.5642850381224902,1724479421,checkpoint_000005,True,True,6,17cf266d,2024-08-24_08-03-41,19.009581565856934,114.49502038955688,774736,antonio,192.168.1.144,114.49502038955688,6,2,32,512,moving_avg,avg,0.12096598604565238,1,0.0013110717207731467,17cf266d,75.0
53,0.49188921702663835,1.5887025471086855,1.5841759438867922,1724479459,checkpoint_000004,True,False,5,d6f53a96,2024-08-24_08-04-19,6.2995710372924805,34.53968524932861,775594,antonio,192.168.1.144,34.53968524932861,5,3,16,16,dft_decomp,avg,0.13821395795094985,4,0.007936007211568171,d6f53a96,
54,0.6212775345708503,1.6189473904669285,1.6189473904669285,1724479585,checkpoint_000004,True,True,5,7080bbc2,2024-08-24_08-06-25,24.729701042175293,123.81082081794739,776140,antonio,192.168.1.144,123.81082081794739,5,2,128,512,moving_avg,conv,0.10218454962509814,2,0.0007680724475496717,7080bbc2,15.0
55,0.5563892750222175,1.5875176725102895,1.5818987835699052,1724479612,checkpoint_000004,True,False,5,c53a2728,2024-08-24_08-06-52,4.911771059036255,25.486686944961548,776951,antonio,192.168.1.144,25.486686944961548,5,3,32,64,dft_decomp,avg,0.12714144849325615,3,0.0014796183942151452,c53a2728,
56,0.5863996109024423,1.602364294230938,1.5886845216155052,1724479695,checkpoint_000005,True,False,6,5f401ec3,2024-08-24_08-08-15,13.154700994491577,79.67613458633423,777472,antonio,192.168.1.144,79.67613458633423,6,4,128,256,dft_decomp,avg,0.1302920020331198,2,0.003255861410677605,5f401ec3,
57,1474.9465209711304,1683.7452672887732,1.6271953445893748,1724479821,checkpoint_000002,True,True,3,44221150,2024-08-24_08-10-21,41.629478931427,124.40086364746094,778226,antonio,192.168.1.144,124.40086364746094,3,2,16,512,moving_avg,conv,0.07228976271877133,3,0.0024522362480619477,44221150,75.0
58,0.551986139817316,1.6002398578088675,1.5888727538621248,1724479841,checkpoint_000006,True,False,7,5f8779e9,2024-08-24_08-10-41,2.491791248321533,17.9346604347229,778896,antonio,192.168.1.144,17.9346604347229,7,3,32,8,moving_avg,avg,0.11201260664706003,2,0.003563478201218512,5f8779e9,55.0
59,0.4853711366409161,1.7087518652873253,1.6138442363311996,1724479859,checkpoint_000004,True,False,5,2d72a19b,2024-08-24_08-10-59,2.9966936111450195,16.51669430732727,779534,antonio,192.168.1.144,16.51669430732727,5,3,32,16,moving_avg,conv,0.035490327585910086,3,0.007693459699054254,2d72a19b,75.0
60,464108913235.93445,28794739898.18182,1.9260918082612934,1724479977,checkpoint_000002,True,True,3,c0ddc678,2024-08-24_08-12-57,38.222660779953,115.19408583641052,780027,antonio,192.168.1.144,115.19408583641052,3,2,64,512,moving_avg,avg,0.12236271663703867,3,0.007889101066300197,c0ddc678,75.0
61,0.5720908123938764,1.6071655303239822,1.6036735624074936,1724479989,checkpoint_000005,True,False,6,28d3b87f,2024-08-24_08-13-09,1.461648941040039,9.592217683792114,780674,antonio,192.168.1.144,9.592217683792114,6,2,128,8,dft_decomp,conv,0.10423444580855055,4,0.011730062695710813,28d3b87f,
62,0.5275349180962219,1.6184772439857027,1.596668255862905,1724480018,checkpoint_000006,True,False,7,59a195b8,2024-08-24_08-13-38,3.6997480392456055,26.711230516433716,781217,antonio,192.168.1.144,26.711230516433716,7,4,32,16,dft_decomp,avg,0.09210541320015424,4,0.003581424905629876,59a195b8,
63,0.6106500342244008,1.5651240784730485,1.5651240784730485,1724480136,checkpoint_000005,True,True,6,2d77ed42,2024-08-24_08-15-36,19.313806295394897,116.36965298652649,781882,antonio,192.168.1.144,116.36965298652649,6,3,32,512,dft_decomp,avg,0.1286399358005137,1,0.0015003981506438568,2d77ed42,
64,0.585118785256245,1.6111449554784973,1.5644891039649051,1724480170,checkpoint_000004,True,False,5,51af8c6c,2024-08-24_08-16-10,6.268649339675903,32.114614963531494,782740,antonio,192.168.1.144,32.114614963531494,5,4,32,64,dft_decomp,avg,0.10193002653481252,4,0.008752640842527344,51af8c6c,
65,0.570735029282014,1.61785226309741,1.5843622874330592,1724480207,checkpoint_000004,True,False,5,24c877e8,2024-08-24_08-16-47,6.401557207107544,34.89176082611084,783275,antonio,192.168.1.144,34.89176082611084,5,4,16,8,moving_avg,avg,0.09658967127602267,4,0.0010272149694260965,24c877e8,35.0
66,1.3092083013130844,2.7800752498485424,1.6260252321207964,1724480262,checkpoint_000003,True,False,4,b1cf6dc9,2024-08-24_08-17-42,13.030635118484497,52.88258910179138,783822,antonio,192.168.1.144,52.88258910179138,4,2,16,256,dft_decomp,conv,0.1383110860126323,2,0.004122946989083842,b1cf6dc9,
67,0.5862558625760625,1.6041289459575305,1.6017571994752595,1724480277,checkpoint_000005,True,False,6,18d7d013,2024-08-24_08-17-57,1.9856758117675781,12.76760721206665,784353,antonio,192.168.1.144,12.76760721206665,6,4,64,32,dft_decomp,avg,0.10284409143677496,2,0.0019072927480386914,18d7d013,
68,0.7617723396950704,1.9326220755223875,1.6233848456983213,1724480388,checkpoint_000003,True,True,4,0dfdff43,2024-08-24_08-19-48,27.142672777175903,109.51135611534119,784906,antonio,192.168.1.144,109.51135611534119,4,2,16,512,dft_decomp,avg,0.10151330483480743,2,0.002953227510155627,0dfdff43,
69,0.5728013046452256,1.6976033665917136,1.59488420233582,1724480473,checkpoint_000004,True,False,5,6cf6ed84,2024-08-24_08-21-13,16.239250898361206,81.74470210075378,785606,antonio,192.168.1.144,81.74470210075378,5,2,64,256,moving_avg,avg,0.09093474567057505,3,0.0018596654024630474,6cf6ed84,55.0
70,0.6084904103982643,1.595473974943161,1.5942427292466164,1724480506,checkpoint_000006,True,False,7,3eebd77e,2024-08-24_08-21-46,4.326742172241211,31.165083646774292,786649,antonio,192.168.1.144,31.165083646774292,7,4,128,64,dft_decomp,conv,0.08509036043224426,3,0.0014424790856009874,3eebd77e,
71,0.6085622681946051,1.575368962504647,1.575368962504647,1724480545,checkpoint_000007,True,False,8,3a704acd,2024-08-24_08-22-25,4.5597381591796875,37.028703927993774,787324,antonio,192.168.1.144,37.028703927993774,8,4,64,128,moving_avg,avg,0.14775375651564648,1,0.010927217800761207,3a704acd,55.0
72,0.5774424476701705,1.6434906907379627,1.6028094552457333,1724480658,checkpoint_000004,True,True,5,661f88f0,2024-08-24_08-24-18,22.009268760681152,111.06975722312927,788087,antonio,192.168.1.144,111.06975722312927,5,4,128,256,dft_decomp,conv,0.09268921828752735,4,0.0036669534986245845,661f88f0,
73,0.5288411137021956,1.6184400426807688,1.590889662949007,1724480679,checkpoint_000004,True,False,5,955594c2,2024-08-24_08-24-39,3.6591413021087646,19.330077409744263,788874,antonio,192.168.1.144,19.330077409744263,5,3,32,32,moving_avg,avg,0.049946162386135556,4,0.002464231651034601,955594c2,25.0
74,0.5401635993210996,1.6354752526138767,1.5957336281285142,1724480691,checkpoint_000004,True,False,5,12948899,2024-08-24_08-24-51,1.760714054107666,9.712209939956665,789373,antonio,192.168.1.144,9.712209939956665,5,2,64,8,dft_decomp,conv,0.09822044105055014,3,0.008948035755000357,12948899,
75,0.6102456196409757,1.5765470645644448,1.5754076693997239,1724480801,checkpoint_000006,True,True,7,a7e77534,2024-08-24_08-26-41,15.35572624206543,107.86393213272095,789848,antonio,192.168.1.144,107.86393213272095,7,2,64,256,moving_avg,avg,0.11480461233636301,3,0.0005301611529169136,a7e77534,35.0
76,0.5289412150617505,1.67804980097395,1.6150670467001018,1724480897,checkpoint_000004,True,False,5,29bec89e,2024-08-24_08-28-17,18.656527280807495,93.94507098197937,790751,antonio,192.168.1.144,93.94507098197937,5,2,64,256,moving_avg,conv,0.05750937654096277,4,0.0019244181646453514,29bec89e,25.0
77,0.4675064375166033,1.641644588022521,1.5895660465413874,1724480933,checkpoint_000006,True,False,7,c310e66c,2024-08-24_08-28-53,4.809741497039795,34.2984893321991,791472,antonio,192.168.1.144,34.2984893321991,7,3,64,64,moving_avg,avg,0.11997984342752875,4,0.01056755204255239,c310e66c,15.0
78,0.6483412492470663,1.6200071163475513,1.6200071163475513,1724480942,checkpoint_000007,True,False,8,54067546,2024-08-24_08-29-02,0.749924898147583,7.08236026763916,792157,antonio,192.168.1.144,7.08236026763916,8,3,128,8,dft_decomp,avg,0.13888529580534215,1,0.0008017167791319943,54067546,
79,0.5656335833864133,1.632962612073813,1.5813402809313875,1724481029,checkpoint_000004,True,False,5,56f9ecfb,2024-08-24_08-30-29,16.89435648918152,84.91965556144714,792836,antonio,192.168.1.144,84.91965556144714,5,2,32,256,moving_avg,avg,0.1401663720493701,3,0.0012050595914788397,56f9ecfb,55.0
80,0.6230836862423381,1.6013753107099822,1.6013753107099822,1724481052,checkpoint_000007,True,False,8,1a61e553,2024-08-24_08-30-52,2.5553483963012695,21.263859272003174,793538,antonio,192.168.1.144,21.263859272003174,8,2,64,32,dft_decomp,conv,0.10237868527751404,3,0.000618013980510775,1a61e553,
81,0.566885913981766,1.6476652510464191,1.5974793173372746,1724481062,checkpoint_000005,True,False,6,894051e7,2024-08-24_08-31-02,1.2421612739562988,8.121017694473267,794256,antonio,192.168.1.144,8.121017694473267,6,3,128,32,moving_avg,conv,0.06945066126799361,1,0.01153911809822625,894051e7,35.0
82,0.5609545588004784,1.6315148111545679,1.5993547475699224,1724481074,checkpoint_000004,True,False,5,6e9c3025,2024-08-24_08-31-14,1.7931559085845947,9.964993715286255,794793,antonio,192.168.1.144,9.964993715286255,5,4,64,16,moving_avg,conv,0.07772600884978405,3,0.0034705600299796916,6e9c3025,55.0
83,0.61180187835068,1.578167716662089,1.5772815455089917,1724481106,checkpoint_000006,True,False,7,4ce91de3,2024-08-24_08-31-46,4.141963005065918,29.577785968780518,795268,antonio,192.168.1.144,29.577785968780518,7,3,64,128,moving_avg,avg,0.06741081840287032,1,0.0008013598029162535,4ce91de3,25.0
84,0.5704311802221466,1.57004068074403,1.57004068074403,1724481215,checkpoint_000004,True,True,5,ca404878,2024-08-24_08-33-35,21.42199993133545,107.4172294139862,795939,antonio,192.168.1.144,107.4172294139862,5,2,16,256,dft_decomp,avg,0.09947178905355052,4,0.0005415875300512141,ca404878,
85,0.5907773600249994,1.6200262001066497,1.6034419753334739,1724481228,checkpoint_000004,True,False,5,3dae9915,2024-08-24_08-33-48,1.9241304397583008,10.239104986190796,796703,antonio,192.168.1.144,10.239104986190796,5,4,64,32,moving_avg,conv,0.12025209973288069,2,0.0013174860472418518,3dae9915,15.0
86,0.5831284307872835,1.582458405582993,1.5674363365879764,1724481248,checkpoint_000004,True,False,5,da8c1684,2024-08-24_08-34-08,3.4531612396240234,17.88979721069336,797178,antonio,192.168.1.144,17.88979721069336,5,4,16,8,moving_avg,avg,0.05990626439268894,1,0.0009455928931254776,da8c1684,55.0
87,0.5821234007350734,1.591298088208953,1.589715795730477,1724481272,checkpoint_000006,True,False,7,b8c443a6,2024-08-24_08-34-32,3.033421754837036,21.885238647460938,797674,antonio,192.168.1.144,21.885238647460938,7,4,32,8,dft_decomp,avg,0.09017473851698089,3,0.0013085404576072411,b8c443a6,
88,170.55695730740908,426.94566709603833,1.8447774159374521,1724481404,checkpoint_000002,True,True,3,6f6d7e6d,2024-08-24_08-36-44,43.07519888877869,130.08748030662537,798324,antonio,192.168.1.144,130.08748030662537,3,2,32,512,dft_decomp,conv,0.12742574873841694,4,0.002165198012778008,6f6d7e6d,
89,0.5114978815688461,1.624732164304648,1.6042235840612382,1724481419,checkpoint_000003,True,False,4,062edc2f,2024-08-24_08-36-59,3.0664515495300293,13.217674255371094,799013,antonio,192.168.1.144,13.217674255371094,4,2,32,32,moving_avg,avg,0.10112196568344434,3,0.009210178044600057,062edc2f,15.0
90,0.6350732123265501,1.633743017911911,1.633743017911911,1724481431,checkpoint_000007,True,False,8,394da6a5,2024-08-24_08-37-11,1.215125560760498,10.434900522232056,799423,antonio,192.168.1.144,10.434900522232056,8,2,128,16,dft_decomp,conv,0.09753448178488207,2,0.0006536115856950669,394da6a5,
91,447283240.3435583,2068368828.0296297,1.6113135810251589,1724481560,checkpoint_000003,True,True,4,8eb45462,2024-08-24_08-39-20,31.238420724868774,125.99465918540955,800114,antonio,192.168.1.144,125.99465918540955,4,3,16,512,dft_decomp,avg,0.12445435519986181,2,0.008585430000351696,8eb45462,
92,0.6064089487810604,1.5896349169991233,1.5890180360187183,1724481577,checkpoint_000006,True,False,7,59b61781,2024-08-24_08-39-37,1.933077096939087,14.76375126838684,800863,antonio,192.168.1.144,14.76375126838684,7,2,64,8,dft_decomp,avg,0.0577378622317878,4,0.001497383692010717,59b61781,
93,0.5727074121842619,1.612512595725782,1.5859490831693013,1724481585,checkpoint_000004,True,False,5,89b09162,2024-08-24_08-39-45,1.0201504230499268,5.961693286895752,801493,antonio,192.168.1.144,5.961693286895752,5,3,64,8,moving_avg,avg,0.10380125012461677,1,0.004961952295012584,89b09162,25.0
94,0.4328230779434814,1.6273309161413962,1.5810865457378216,1724481620,checkpoint_000006,True,False,7,91ee4d56,2024-08-24_08-40-20,4.700862169265747,33.4490852355957,801956,antonio,192.168.1.144,33.4490852355957,7,2,32,64,moving_avg,avg,0.061254542598500876,3,0.007552255384666034,91ee4d56,55.0
95,0.5995919182134796,1.5825555761655172,1.5803299780245181,1724481647,checkpoint_000006,True,False,7,8dd63f0d,2024-08-24_08-40-47,3.2120373249053955,23.67265772819519,802640,antonio,192.168.1.144,23.67265772819519,7,3,16,8,moving_avg,avg,0.1058210579248684,1,0.0005855010684821077,8dd63f0d,25.0
96,0.5638009635826805,1.6160548289616903,1.590822817661144,1724481699,checkpoint_000004,True,False,5,73041521,2024-08-24_08-41-39,9.81699013710022,49.640968322753906,803297,antonio,192.168.1.144,49.640968322753906,5,3,16,128,moving_avg,conv,0.0941096522493171,3,0.0005876641879851464,73041521,35.0
97,0.5147545391418895,1.6141917705535889,1.5781273394823074,1724481778,checkpoint_000007,True,False,8,8e4fa3c2,2024-08-24_08-42-58,9.478240251541138,76.56647443771362,803887,antonio,192.168.1.144,76.56647443771362,8,3,128,128,dft_decomp,conv,0.1440822349199314,4,0.007072370336890442,8e4fa3c2,
98,0.5247308238883691,1.6222231132012825,1.59059147923081,1724481837,checkpoint_000004,True,False,5,fdfebfbc,2024-08-24_08-43-57,11.303180694580078,57.18277978897095,804768,antonio,192.168.1.144,57.18277978897095,5,2,16,128,dft_decomp,conv,0.08919503784518429,4,0.0009882286857185421,fdfebfbc,
99,0.545140113140664,1.6441674091197827,1.5696869315924469,1724481937,checkpoint_000004,True,False,5,2f1c5109,2024-08-24_08-45-37,19.491960525512695,98.06465792655945,805383,antonio,192.168.1.144,98.06465792655945,5,3,16,256,moving_avg,conv,0.1092704135803585,3,0.0007399944334290523,2f1c5109,35.0
100,10998048091.615541,29965965585.066666,1.5999635493313824,1724482064,checkpoint_000003,True,True,4,f99d2acd,2024-08-24_08-47-44,30.975505590438843,124.87729978561401,806113,antonio,192.168.1.144,124.87729978561401,4,3,16,512,moving_avg,avg,0.09585654740867444,2,0.01109178431621061,f99d2acd,15.0
101,0.5795880512835302,1.5853027418807701,1.5714771853552925,1724482095,checkpoint_000004,True,False,5,90a1a1f3,2024-08-24_08-48-15,5.422770261764526,28.858744859695435,806861,antonio,192.168.1.144,28.858744859695435,5,4,16,16,dft_decomp,avg,0.07760039953201595,3,0.0005240405639586418,90a1a1f3,
102,0.6164311942507009,1.5958201810717583,1.5958201810717583,1724482213,checkpoint_000006,True,True,7,5b764f93,2024-08-24_08-50-13,16.592849493026733,116.36208963394165,807387,antonio,192.168.1.144,116.36208963394165,7,2,128,512,moving_avg,avg,0.13449261103955432,1,0.000747835261622063,5b764f93,15.0
103,0.5676036882595937,1.6008875514521743,1.568983961235393,1724482268,checkpoint_000005,True,False,6,e7fa1c44,2024-08-24_08-51-08,8.6885986328125,52.77909803390503,808318,antonio,192.168.1.144,52.77909803390503,6,2,64,256,moving_avg,conv,0.08926722595254746,1,0.0025776786667019306,e7fa1c44,75.0
104,0.5794086302106853,1.590094361923359,1.582389004583712,1724482303,checkpoint_000004,True,False,5,d536d72f,2024-08-24_08-51-43,6.350491046905518,33.25450825691223,809230,antonio,192.168.1.144,33.25450825691223,5,3,16,8,moving_avg,avg,0.0954497389626388,4,0.0006739687774501915,d536d72f,55.0
105,0.6452085463727106,1.6409210227429867,1.6409210227429867,1724482437,checkpoint_000002,True,True,3,6ccf7050,2024-08-24_08-53-57,43.73522329330444,131.52838778495789,809771,antonio,192.168.1.144,131.52838778495789,3,4,128,512,dft_decomp,avg,0.09002529609508823,3,0.0009350210348466902,6ccf7050,
106,0.589056559273454,1.6150992028415203,1.6002545095980167,1724482528,checkpoint_000005,True,False,6,b96c443f,2024-08-24_08-55-28,14.665738344192505,88.66879343986511,810465,antonio,192.168.1.144,88.66879343986511,6,4,128,256,moving_avg,avg,0.09944672586422061,2,0.003006840335290314,b96c443f,75.0
107,0.5939544478400809,1.5920119285583496,1.586946767387968,1724482539,checkpoint_000005,True,False,6,45bd3b8d,2024-08-24_08-55-39,1.3910045623779297,8.866178035736084,811245,antonio,192.168.1.144,8.866178035736084,6,2,64,8,moving_avg,avg,0.09490425347519124,2,0.00189957460942835,45bd3b8d,75.0
108,0.6336290694651057,1.6091415304126162,1.6091415304126162,1724482561,checkpoint_000007,True,False,8,e1aa52b5,2024-08-24_08-56-01,2.5082902908325195,20.167442083358765,811785,antonio,192.168.1.144,20.167442083358765,8,3,64,16,dft_decomp,conv,0.11609765896251968,4,0.0006037166867478176,e1aa52b5,
109,0.5888402823541985,1.645109104387688,1.6051947871843975,1724482678,checkpoint_000004,True,True,5,55bf5705,2024-08-24_08-57-58,22.846434116363525,114.6297881603241,812503,antonio,192.168.1.144,114.6297881603241,5,4,64,256,moving_avg,conv,0.11601297019240028,4,0.0010652052474988043,55bf5705,25.0
110,0.6109514422104007,1.5945320054888725,1.5927697718143463,1724482770,checkpoint_000007,True,False,8,af10e011,2024-08-24_08-59-30,11.16563892364502,90.31986808776855,813285,antonio,192.168.1.144,90.31986808776855,8,2,128,256,dft_decomp,avg,0.11204714195512491,2,0.0015826387023389359,af10e011,
111,0.6192147135734558,1.6114760600030422,1.606128290295601,1724482778,checkpoint_000005,True,False,6,f702e741,2024-08-24_08-59-38,0.906233549118042,6.1781885623931885,814211,antonio,192.168.1.144,6.1781885623931885,6,2,128,16,dft_decomp,avg,0.11028591859520419,1,0.00224471766103687,f702e741,
112,0.5882310726847805,1.5985828691454076,1.597044907399078,1724482799,checkpoint_000004,True,False,5,553c7619,2024-08-24_08-59-59,3.6525347232818604,18.668615579605103,814746,antonio,192.168.1.144,18.668615579605103,5,3,32,32,dft_decomp,conv,0.12596307456262443,3,0.0006869229490368634,553c7619,
113,0.5901919881828496,1.6387507061460125,1.583716049123166,1724482857,checkpoint_000004,True,False,5,69363883,2024-08-24_09-00-57,11.105610132217407,55.96078824996948,815246,antonio,192.168.1.144,55.96078824996948,5,4,32,128,moving_avg,conv,0.104528922248715,4,0.0005224670506854545,69363883,25.0
114,0.4880563905004595,1.611106686519854,1.583374079429742,1724482890,checkpoint_000005,True,False,6,5ea956f6,2024-08-24_09-01-30,5.0169596672058105,30.884344577789307,815855,antonio,192.168.1.144,30.884344577789307,6,2,64,64,dft_decomp,avg,0.04800427111114352,4,0.009910489295670668,5ea956f6,
115,0.6325023523608192,1.6055614761452177,1.6055614761452177,1724482965,checkpoint_000007,True,False,8,f38f2860,2024-08-24_09-02-45,9.0336172580719,73.01387405395508,816461,antonio,192.168.1.144,73.01387405395508,8,3,32,256,dft_decomp,conv,0.10820134956025347,1,0.006982553739572405,f38f2860,
116,0.5022434719622988,1.6318665592758743,1.577795504199134,1724482990,checkpoint_000005,True,False,6,1c202e21,2024-08-24_09-03-10,3.7924563884735107,23.11228036880493,817331,antonio,192.168.1.144,23.11228036880493,6,2,16,32,dft_decomp,conv,0.058495376226156644,1,0.00346850779267439,1c202e21,
117,5.022624632088441,8.093436357710097,1.6245919898704246,1724483088,checkpoint_000003,True,False,4,1d2f0fd2,2024-08-24_09-04-48,23.785870790481567,95.68070721626282,817910,antonio,192.168.1.144,95.68070721626282,4,2,16,256,moving_avg,conv,0.07396413936386323,4,0.003175184084604203,1d2f0fd2,75.0
118,8822664179.409836,21517160308.363636,1.7202765706813696,1724483166,checkpoint_000003,True,False,4,9ec3bfee,2024-08-24_09-06-06,18.712786436080933,75.8336455821991,818570,antonio,192.168.1.144,75.8336455821991,4,2,64,256,dft_decomp,avg,0.13471244627848167,4,0.011770647874933744,9ec3bfee,
119,0.5295450419857946,1.6756064865324232,1.651313266047725,1724483197,checkpoint_000003,True,False,4,66587373,2024-08-24_09-06-37,7.299844264984131,28.73319101333618,819168,antonio,192.168.1.144,28.73319101333618,4,3,16,16,moving_avg,conv,0.11753300606086403,4,0.0036364470456799348,66587373,35.0
120,0.5652981117123463,1.7098848037421703,1.6176862493157387,1724483303,checkpoint_000005,True,True,6,dc2fbe9a,2024-08-24_09-08-23,17.300556421279907,104.08272290229797,819623,antonio,192.168.1.144,104.08272290229797,6,4,128,256,moving_avg,conv,0.09988315699504693,3,0.0031572108788761057,dc2fbe9a,15.0
121,0.5569816065616295,1.657061792910099,1.6021281816065311,1724483326,checkpoint_000004,True,False,5,1e117675,2024-08-24_09-08-46,4.098055362701416,21.08416485786438,820443,antonio,192.168.1.144,21.08416485786438,5,4,128,64,moving_avg,avg,0.1397115265238481,3,0.008990041852912951,1e117675,35.0
122,0.5515322748754845,1.620535348400925,1.5963649442701628,1724483338,checkpoint_000004,True,False,5,7d3a60f7,2024-08-24_09-08-58,1.8447721004486084,9.830419540405273,820948,antonio,192.168.1.144,9.830419540405273,5,4,64,8,dft_decomp,conv,0.07470536882798648,3,0.010114262700568073,7d3a60f7,
123,0.6068898673917427,1.5892692431807518,1.5881016962230206,1724483366,checkpoint_000007,True,False,8,df45f4a1,2024-08-24_09-09-26,3.1729352474212646,25.857300996780396,821423,antonio,192.168.1.144,25.857300996780396,8,2,128,64,moving_avg,avg,0.11087815639362279,2,0.0028154058073656795,df45f4a1,75.0
124,0.5963332252424272,1.6012516766786575,1.599172055721283,1724483374,checkpoint_000006,True,False,7,d43e9672,2024-08-24_09-09-34,0.7434902191162109,5.833272933959961,822158,antonio,192.168.1.144,5.833272933959961,7,2,128,8,moving_avg,conv,0.068288547902876,1,0.008149704200798314,d43e9672,55.0
125,0.6116781112600546,1.5962396571130464,1.5962396571130464,1724483393,checkpoint_000007,True,False,8,fea50374,2024-08-24_09-09-53,2.091191291809082,17.237184286117554,822760,antonio,192.168.1.144,17.237184286117554,8,2,64,16,moving_avg,conv,0.07816615857558665,4,0.0009512932959729855,fea50374,55.0
126,0.5547778854360346,1.6475646024319663,1.5971300041497642,1724483413,checkpoint_000004,True,False,5,263ebd2d,2024-08-24_09-10-13,3.495323896408081,17.61784863471985,823471,antonio,192.168.1.144,17.61784863471985,5,4,32,32,moving_avg,conv,0.13396397955219355,3,0.0014768222086374012,263ebd2d,15.0
127,0.5213275451640613,1.6256399234729026,1.5809083349669157,1724483428,checkpoint_000004,True,False,5,ef22361c,2024-08-24_09-10-28,2.300687313079834,12.666716814041138,823968,antonio,192.168.1.144,12.666716814041138,5,2,32,16,moving_avg,avg,0.13522604574006658,2,0.007466139825309235,ef22361c,25.0
128,0.5986693244977076,1.602793771209139,1.598545182834972,1724483440,checkpoint_000004,True,False,5,606a6b82,2024-08-24_09-10-40,1.7226781845092773,9.466952323913574,824449,antonio,192.168.1.144,9.466952323913574,5,4,64,16,dft_decomp,conv,0.12401560318108323,2,0.0018170195150553792,606a6b82,
129,0.5709601941167332,1.6332062085469563,1.5828049110643791,1724483450,checkpoint_000004,True,False,5,168e79a1,2024-08-24_09-10-50,1.461007833480835,8.160048723220825,824921,antonio,192.168.1.144,8.160048723220825,5,3,64,32,dft_decomp,avg,0.09950895787596367,1,0.00571266110842173,168e79a1,
130,0.5602281152224932,1.646261092275381,1.613048605620861,1724483492,checkpoint_000004,True,False,5,01d0249a,2024-08-24_09-11-32,7.971572160720825,40.417943477630615,825390,antonio,192.168.1.144,40.417943477630615,5,3,128,128,moving_avg,avg,0.10178375340741656,3,0.00801162422846211,01d0249a,55.0
131,0.5267057694296652,1.6715000218815275,1.5723338321403222,1724483516,checkpoint_000004,True,False,5,5e319399,2024-08-24_09-11-56,3.967745780944824,20.71057915687561,825953,antonio,192.168.1.144,20.71057915687561,5,4,16,64,moving_avg,conv,0.09591322398448754,1,0.0015936113602036258,5e319399,75.0
132,0.631382479530866,1.6014727335987669,1.6014727335987669,1724483535,checkpoint_000007,True,False,8,e8b2bdf5,2024-08-24_09-12-15,2.0529632568359375,16.970670223236084,826458,antonio,192.168.1.144,16.970670223236084,8,3,64,32,moving_avg,avg,0.12274837854560226,2,0.0005207710577361526,e8b2bdf5,75.0
133,0.6107006727672014,1.5850200960130403,1.5846674297795151,1724483573,checkpoint_000007,True,False,8,eec3f6b9,2024-08-24_09-12-53,4.388635873794556,35.75985908508301,827164,antonio,192.168.1.144,35.75985908508301,8,3,64,128,moving_avg,conv,0.06399698299173194,1,0.0009666523990925918,eec3f6b9,55.0
134,0.5467936592023881,1.6252810350104945,1.5943504127103891,1724483596,checkpoint_000004,True,False,5,e384540e,2024-08-24_09-13-16,3.982414484024048,20.527225017547607,827924,antonio,192.168.1.144,20.527225017547607,5,4,32,64,moving_avg,avg,0.11074491370947759,2,0.002248868165994266,e384540e,55.0
135,0.5425760368587541,1.6286345916007883,1.5801857709884644,1724483659,checkpoint_000005,True,False,6,9c638090,2024-08-24_09-14-19,10.00373888015747,60.50534105300903,828429,antonio,192.168.1.144,60.50534105300903,6,3,32,128,moving_avg,avg,0.12339388960274882,4,0.0008177395053746841,9c638090,15.0
136,0.6058006521131172,1.5994138419628143,1.599248941987753,1724483716,checkpoint_000007,True,False,8,e3a8ea16,2024-08-24_09-15-16,6.745518445968628,54.65401101112366,829125,antonio,192.168.1.144,54.65401101112366,8,4,128,128,moving_avg,avg,0.08930173092761647,2,0.0047061232382614206,e3a8ea16,75.0
137,0.5777721639539375,1.6552134677767754,1.6110257655382156,1724483744,checkpoint_000004,True,False,5,d010648f,2024-08-24_09-15-44,5.1188788414001465,26.3902907371521,829939,antonio,192.168.1.144,26.3902907371521,5,3,128,64,dft_decomp,conv,0.05676790158723136,4,0.003431485440152817,d010648f,
138,0.6093514727764442,1.6010430455207825,1.5993601605296135,1724483761,checkpoint_000006,True,False,7,02531bea,2024-08-24_09-16-01,2.0599493980407715,14.995666742324829,830460,antonio,192.168.1.144,14.995666742324829,7,2,128,64,moving_avg,avg,0.06309906398176497,1,0.0022306068381035414,02531bea,35.0
139,0.6182694508404029,1.5860512364994397,1.5860512364994397,1724483773,checkpoint_000007,True,False,8,0185ffd0,2024-08-24_09-16-13,1.1841506958007812,9.916186571121216,831089,antonio,192.168.1.144,9.916186571121216,8,2,64,16,moving_avg,conv,0.08694753145827783,1,0.000999602394238398,0185ffd0,75.0
140,0.5577287349056025,1.6103827826904529,1.5855774626587376,1724483783,checkpoint_000004,True,False,5,40735eca,2024-08-24_09-16-23,1.5034706592559814,8.352742671966553,831774,antonio,192.168.1.144,8.352742671966553,5,3,64,32,dft_decomp,conv,0.07780912269185028,1,0.011512329826639377,40735eca,
141,0.5413990127014332,1.6359268649300533,1.5888156579501593,1724483797,checkpoint_000003,True,False,4,305c6745,2024-08-24_09-16-37,2.856757879257202,12.206274032592773,832243,antonio,192.168.1.144,12.206274032592773,4,4,32,64,dft_decomp,conv,0.12404059780330347,1,0.010134216186564212,305c6745,
142,0.6116334854579363,1.5693747445718567,1.5693747445718567,1724483904,checkpoint_000003,True,True,4,7d59398b,2024-08-24_09-18-24,26.124951124191284,105.04813313484192,832650,antonio,192.168.1.144,105.04813313484192,4,2,32,512,moving_avg,avg,0.0910873549920449,2,0.0014939974901912877,7d59398b,25.0
143,0.60437880529732,1.590611215793725,1.5894710313190112,1724483921,checkpoint_000006,True,False,7,97342513,2024-08-24_09-18-41,1.9570412635803223,15.187162160873413,833338,antonio,192.168.1.144,15.187162160873413,7,2,64,8,dft_decomp,avg,0.0757679081183352,4,0.0017464485717382588,97342513,
144,0.5019968200902469,1.6260421926325017,1.5849853898539688,1724483941,checkpoint_000007,True,False,8,282fda45,2024-08-24_09-19-01,2.2000925540924072,18.221754789352417,833967,antonio,192.168.1.144,18.221754789352417,8,2,64,32,moving_avg,avg,0.1492737673066615,3,0.0077108775495299,282fda45,15.0
145,0.5513757232759819,1.6125238500535488,1.5939523577690125,1724483966,checkpoint_000007,True,False,8,d4e2d060,2024-08-24_09-19-26,2.7588138580322266,22.75428009033203,834676,antonio,192.168.1.144,22.75428009033203,8,2,128,64,moving_avg,conv,0.10664157831072274,2,0.006991638677028083,d4e2d060,15.0
146,0.5454228967428207,1.6553722273057967,1.637616878125205,1724483992,checkpoint_000004,True,False,5,32e12be8,2024-08-24_09-19-52,4.570514440536499,23.51748299598694,835402,antonio,192.168.1.144,23.51748299598694,5,3,32,64,moving_avg,conv,0.09773354252483628,3,0.0010934460752467993,32e12be8,15.0
147,0.576941270708794,1.588676146224693,1.568046933191794,1724484035,checkpoint_000004,True,False,5,c60ba4aa,2024-08-24_09-20-35,8.168193101882935,41.30251669883728,835918,antonio,192.168.1.144,41.30251669883728,5,3,16,64,dft_decomp,avg,0.09899489976816206,4,0.0005371090236635101,c60ba4aa,
148,0.6652931434209229,1.6920166797935963,1.6920166797935963,1724484056,checkpoint_000007,True,False,8,a0eb3a40,2024-08-24_09-20-56,2.277787923812866,18.974368810653687,836482,antonio,192.168.1.144,18.974368810653687,8,2,128,32,dft_decomp,avg,0.09687811935963532,3,0.000657862691741497,a0eb3a40,
149,0.602111716739467,1.5996241830289364,1.5938594564795494,1724484085,checkpoint_000005,True,False,6,33052edc,2024-08-24_09-21-25,4.309571027755737,26.747761487960815,837195,antonio,192.168.1.144,26.747761487960815,6,4,128,64,dft_decomp,conv,0.06954449211031205,3,0.0020589687051676482,33052edc,
150,0.6113406617621906,1.5643746434752621,1.5643746434752621,1724484204,checkpoint_000005,True,True,6,76f44654,2024-08-24_09-23-24,19.291974782943726,116.45104694366455,837789,antonio,192.168.1.144,116.45104694366455,6,3,32,512,dft_decomp,avg,0.1306546382188581,1,0.0011432722545641554,76f44654,
151,0.608433019064489,1.5623615090526752,1.5623615090526752,1724484322,checkpoint_000005,True,True,6,113d5626,2024-08-24_09-25-22,19.26151180267334,116.29753136634827,838645,antonio,192.168.1.144,116.29753136634827,6,3,32,512,dft_decomp,avg,0.14282164770205308,1,0.0008795984049775422,113d5626,
152,0.6117929376539637,1.5656855951494246,1.5656855951494246,1724484440,checkpoint_000005,True,True,6,33f85791,2024-08-24_09-27-21,19.29290533065796,116.41621613502502,839503,antonio,192.168.1.144,116.41621613502502,6,3,32,512,dft_decomp,avg,0.15554151945976283,1,0.0011342022329016352,33f85791,
153,0.6080974088829072,1.56184813157836,1.56184813157836,1724484559,checkpoint_000005,True,True,6,5a3162da,2024-08-24_09-29-19,19.28082299232483,116.32016587257385,840363,antonio,192.168.1.144,116.32016587257385,6,3,32,512,dft_decomp,avg,0.13122674367670495,1,0.000891902957580305,5a3162da,
154,0.6081912734957992,1.5604774791802933,1.5604774791802933,1724484678,checkpoint_000005,True,True,6,4d6541d2,2024-08-24_09-31-18,19.279623985290527,116.4121105670929,841218,antonio,192.168.1.144,116.4121105670929,6,3,32,512,dft_decomp,avg,0.17302382897119806,1,0.0008798898128670457,4d6541d2,
155,0.608603618550496,1.5615611556750626,1.5615611556750626,1724484797,checkpoint_000005,True,True,6,d9e723f0,2024-08-24_09-33-17,19.27963876724243,116.47586679458618,842082,antonio,192.168.1.144,116.47586679458618,6,3,32,512,dft_decomp,avg,0.21715769635436494,1,0.0008587221909287304,d9e723f0,
156,0.6081698591836163,1.563587013465255,1.563587013465255,1724484915,checkpoint_000005,True,True,6,18e6cfa9,2024-08-24_09-35-15,19.267500162124634,116.30803990364075,842946,antonio,192.168.1.144,116.30803990364075,6,3,32,512,dft_decomp,avg,0.2552560109235833,1,0.0008731059694251077,18e6cfa9,
157,0.6081105954334384,1.5601323318125597,1.5601323318125597,1724485033,checkpoint_000005,True,True,6,fbb451de,2024-08-24_09-37-13,19.25350594520569,116.33810782432556,843802,antonio,192.168.1.144,116.33810782432556,6,3,32,512,dft_decomp,avg,0.19237397793931257,1,0.0008450451542293993,fbb451de,
158,0.6126779557251539,1.5661387461334912,1.5661387461334912,1724485152,checkpoint_000005,True,True,6,b58a1502,2024-08-24_09-39-12,19.28566265106201,116.3899736404419,844656,antonio,192.168.1.144,116.3899736404419,6,3,32,512,dft_decomp,avg,0.19700120471547936,1,0.0012290778113164629,b58a1502,
159,0.6090279275276622,1.5615091626323871,1.5615091626323871,1724485270,checkpoint_000005,True,True,6,4637ccbe,2024-08-24_09-41-10,19.292994737625122,116.28228521347046,845516,antonio,192.168.1.144,116.28228521347046,6,3,32,512,dft_decomp,avg,0.18237499349138167,1,0.0007232343746031119,4637ccbe,
160,0.6087605098231894,1.5617938655525891,1.5617938655525891,1724485388,checkpoint_000005,True,True,6,1de22ba4,2024-08-24_09-43-08,19.29028582572937,116.30649042129517,846373,antonio,192.168.1.144,116.30649042129517,6,3,32,512,dft_decomp,avg,0.182464869482654,1,0.0007131523084578383,1de22ba4,
161,0.6149570436262694,1.5680875440142048,1.5680875440142048,1724485507,checkpoint_000005,True,True,6,c936880f,2024-08-24_09-45-07,19.27252697944641,116.41781377792358,847227,antonio,192.168.1.144,116.41781377792358,6,3,32,512,dft_decomp,avg,0.1836243541516383,1,0.0013539761028723458,c936880f,
162,0.6092587544536981,1.5639671345255268,1.5639671345255268,1724485626,checkpoint_000005,True,True,6,ce2f2357,2024-08-24_09-47-06,19.29150676727295,116.48080253601074,848087,antonio,192.168.1.144,116.48080253601074,6,3,32,512,dft_decomp,avg,0.22379162605957476,1,0.000754789873200504,ce2f2357,
163,0.6081253703011841,1.5602467478211246,1.5602467478211246,1724485744,checkpoint_000005,True,True,6,76f4b60d,2024-08-24_09-49-05,19.285581827163696,116.38635087013245,848947,antonio,192.168.1.144,116.38635087013245,6,3,32,512,dft_decomp,avg,0.18231268737104747,1,0.0008503812363519,76f4b60d,
164,0.6095262255336418,1.5607427331938672,1.5607427331938672,1724485862,checkpoint_000005,True,True,6,10b98384,2024-08-24_09-51-02,19.254676580429077,116.29766011238098,849804,antonio,192.168.1.144,116.29766011238098,6,3,32,512,dft_decomp,avg,0.18223054305373515,1,0.0006183384502234162,10b98384,
165,0.6095607230653528,1.5606964230537415,1.5606964230537415,1724485981,checkpoint_000005,True,True,6,c26f3ddf,2024-08-24_09-53-01,19.270004510879517,116.37190771102905,850659,antonio,192.168.1.144,116.37190771102905,6,3,32,512,dft_decomp,avg,0.186595115611924,1,0.0006136559876026847,c26f3ddf,
166,0.6126596539235506,1.566427964772751,1.566427964772751,1724486099,checkpoint_000005,True,True,6,7292344b,2024-08-24_09-54-59,19.280306100845337,116.36864852905273,851517,antonio,192.168.1.144,116.36864852905273,6,3,32,512,dft_decomp,avg,0.1899680319255472,1,0.0012056612439896456,7292344b,
167,0.6273360540632342,1.595558776784299,1.595558776784299,1724486216,checkpoint_000005,True,True,6,be5f29e9,2024-08-24_09-56-56,19.252285480499268,116.30460548400879,852375,antonio,192.168.1.144,116.30460548400879,6,3,32,512,dft_decomp,avg,0.1900030190622361,1,0.0016968833427116535,be5f29e9,
168,0.6106990859156749,1.5614886016988043,1.5614886016988043,1724486334,checkpoint_000005,True,True,6,16aa2a55,2024-08-24_09-58-54,19.249151706695557,116.27160239219666,853228,antonio,192.168.1.144,116.27160239219666,6,3,32,512,dft_decomp,avg,0.19008981536703115,1,0.0005033440625285477,16aa2a55,
169,0.6086441620451505,1.5608937464543242,1.5608937464543242,1724486453,checkpoint_000005,True,True,6,994d84e0,2024-08-24_10-00-53,19.232916831970215,116.38820934295654,854086,antonio,192.168.1.144,116.38820934295654,6,3,32,512,dft_decomp,avg,0.18824143189357143,1,0.0007994153225088394,994d84e0,
170,0.6100563977341182,1.5621641545153375,1.5621641545153375,1724486572,checkpoint_000005,True,True,6,dcf07010,2024-08-24_10-02-52,19.296578645706177,116.49808716773987,854947,antonio,192.168.1.144,116.49808716773987,6,3,32,512,dft_decomp,avg,0.1720753751220818,1,0.0005744346804237223,dcf07010,
171,0.6128983109212313,1.5660789422134855,1.5660789422134855,1724486691,checkpoint_000005,True,True,6,19caa7f2,2024-08-24_10-04-51,19.270118951797485,116.67257881164551,855806,antonio,192.168.1.144,116.67257881164551,6,3,32,512,dft_decomp,avg,0.19728020529707174,1,0.0010477992586258957,19caa7f2,
172,0.6086160628522028,1.5607727063235952,1.5607727063235952,1724486810,checkpoint_000005,True,True,6,86cfced8,2024-08-24_10-06-50,19.352334022521973,116.56718587875366,856665,antonio,192.168.1.144,116.56718587875366,6,3,32,512,dft_decomp,avg,0.19542833430060907,1,0.0007909164347950213,86cfced8,
173,0.6092721063826905,1.5616367210203141,1.5616367210203141,1724486929,checkpoint_000005,True,True,6,f641d2d1,2024-08-24_10-08-49,19.34651017189026,116.50401210784912,857525,antonio,192.168.1.144,116.50401210784912,6,3,32,512,dft_decomp,avg,0.17590662224404055,1,0.0006240467322178126,f641d2d1,
174,0.6085011982282654,1.562711406109938,1.562711406109938,1724487047,checkpoint_000005,True,True,6,e90c3939,2024-08-24_10-10-47,19.27365732192993,116.33666014671326,858384,antonio,192.168.1.144,116.33666014671326,6,3,32,512,dft_decomp,avg,0.19366173708635612,1,0.0008439277989600191,e90c3939,
175,0.6106167695805674,1.5615307261694724,1.5615307261694724,1724487166,checkpoint_000005,True,True,6,26da4402,2024-08-24_10-12-46,19.30102777481079,116.46830415725708,859251,antonio,192.168.1.144,116.46830415725708,6,3,32,512,dft_decomp,avg,0.1855988143416285,1,0.0005017709619401364,26da4402,
176,0.7287399143469139,1.8251764436266316,1.6493704772707243,1724487245,checkpoint_000003,True,False,4,991da5f6,2024-08-24_10-14-05,19.072336196899414,77.23664450645447,860110,antonio,192.168.1.144,77.23664450645447,4,3,32,512,dft_decomp,avg,0.2036038852580143,1,0.004278823536202294,991da5f6,
177,0.6089141859871442,1.5609680040558773,1.5609680040558773,1724487364,checkpoint_000005,True,True,6,807ab17f,2024-08-24_10-16-04,19.335774421691895,116.78316020965576,860712,antonio,192.168.1.144,116.78316020965576,6,3,32,512,dft_decomp,avg,0.17877445587936366,1,0.0006990632996231341,807ab17f,
178,0.6127322041353241,1.5654079140122257,1.5654079140122257,1724487483,checkpoint_000005,True,True,6,fba640ce,2024-08-24_10-18-03,19.384721994400024,116.8666501045227,861570,antonio,192.168.1.144,116.8666501045227,6,3,32,512,dft_decomp,avg,0.16838204068033455,1,0.0012815000014081387,fba640ce,
179,0.6151364540956059,1.5692312646268018,1.5692312646268018,1724487602,checkpoint_000005,True,True,6,b4e9ba3a,2024-08-24_10-20-02,19.356416940689087,116.77411770820618,862432,antonio,192.168.1.144,116.77411770820618,6,3,32,512,dft_decomp,avg,0.19159443875960805,1,0.0013967249511529494,b4e9ba3a,
180,0.6095198624935306,1.5622414119208037,1.5622414119208037,1724487721,checkpoint_000005,True,True,6,1d704276,2024-08-24_10-22-01,19.344449281692505,116.9591691493988,863292,antonio,192.168.1.144,116.9591691493988,6,3,32,512,dft_decomp,avg,0.18679625473150846,1,0.0009378771046190314,1d704276,
181,0.6102966980123129,1.5622450006541921,1.5622450006541921,1724487840,checkpoint_000005,True,True,6,3e36d9f5,2024-08-24_10-24-00,19.371602535247803,116.76706075668335,864154,antonio,192.168.1.144,116.76706075668335,6,3,32,512,dft_decomp,avg,0.17828166344889634,1,0.0005601514328336088,3e36d9f5,
182,0.6120999250255648,1.5660723750271015,1.5660723750271015,1724487959,checkpoint_000005,True,True,6,a0ac7b70,2024-08-24_10-25-59,19.34470272064209,116.84638667106628,865013,antonio,192.168.1.144,116.84638667106628,6,3,32,512,dft_decomp,avg,0.20165645221129802,1,0.0011795372912605097,a0ac7b70,
183,0.6130970549143728,1.5659578140102215,1.5659578140102215,1724488078,checkpoint_000005,True,True,6,d20c25bb,2024-08-24_10-27-58,19.35638451576233,116.78085112571716,865872,antonio,192.168.1.144,116.78085112571716,6,3,32,512,dft_decomp,avg,0.19300611131139792,1,0.0010242905266401236,d20c25bb,
184,0.6083724951890649,1.5619893598912367,1.5619893598912367,1724488197,checkpoint_000005,True,True,6,51ad3077,2024-08-24_10-29-57,19.344518423080444,116.78680682182312,866730,antonio,192.168.1.144,116.78680682182312,6,3,32,512,dft_decomp,avg,0.1846193916446428,1,0.0009150134459807923,51ad3077,
185,0.6097470177490203,1.563796497992615,1.563796497992615,1724488316,checkpoint_000005,True,True,6,95c70997,2024-08-24_10-31-56,19.352707386016846,116.90086340904236,867590,antonio,192.168.1.144,116.90086340904236,6,3,32,512,dft_decomp,avg,0.18858525220902453,1,0.0007655065791587929,95c70997,
186,0.6088905675245113,1.5613907095211654,1.5613907095211654,1724488435,checkpoint_000005,True,True,6,db830771,2024-08-24_10-33-55,19.35326361656189,116.72741460800171,868451,antonio,192.168.1.144,116.72741460800171,6,3,32,512,dft_decomp,avg,0.17953836225431236,1,0.0006557289395676398,db830771,
187,0.6130015079359539,1.5663913746378315,1.5663913746378315,1724488554,checkpoint_000005,True,True,6,09541a32,2024-08-24_10-35-54,19.298856735229492,116.47594571113586,869315,antonio,192.168.1.144,116.47594571113586,6,3,32,512,dft_decomp,avg,0.20058826587958747,1,0.0011210963361666993,09541a32,
188,0.6101318972765423,1.562317375816516,1.562317375816516,1724488673,checkpoint_000005,True,True,6,f33279dc,2024-08-24_10-37-53,19.359331130981445,116.76314663887024,870173,antonio,192.168.1.144,116.76314663887024,6,3,32,512,dft_decomp,avg,0.18104145725276435,1,0.0005844734029454537,f33279dc,
189,0.608437360554445,1.5609369393604904,1.5609369393604904,1724488792,checkpoint_000005,True,True,6,1cd0aa88,2024-08-24_10-39-52,19.365564346313477,116.77450203895569,871033,antonio,192.168.1.144,116.77450203895569,6,3,32,512,dft_decomp,avg,0.18636895796845052,1,0.0008281860531502722,1cd0aa88,
190,0.6171112365898539,1.573347103239885,1.573347103239885,1724488911,checkpoint_000005,True,True,6,5329edda,2024-08-24_10-41-51,19.346232414245605,116.82546710968018,871895,antonio,192.168.1.144,116.82546710968018,6,3,32,512,dft_decomp,avg,0.17642767733305462,1,0.0016084273485011801,5329edda,
191,0.609103583410138,1.5614897573172157,1.5614897573172157,1724489030,checkpoint_000005,True,True,6,67e82c1c,2024-08-24_10-43-50,19.328832149505615,116.68318510055542,872754,antonio,192.168.1.144,116.68318510055542,6,3,32,512,dft_decomp,avg,0.16887755470526553,1,0.0006298429225856741,67e82c1c,
192,0.615365064046422,1.570017411637662,1.570017411637662,1724489149,checkpoint_000005,True,True,6,39ca9fa6,2024-08-24_10-45-49,19.3635036945343,116.82719850540161,873614,antonio,192.168.1.144,116.82719850540161,6,3,32,512,dft_decomp,avg,0.18772511043987333,1,0.002051200075545681,39ca9fa6,
193,0.6135987667519538,1.568824493173343,1.568824493173343,1724489268,checkpoint_000005,True,True,6,3e89bf2d,2024-08-24_10-47-48,19.36337447166443,116.76738905906677,874474,antonio,192.168.1.144,116.76738905906677,6,3,32,512,dft_decomp,avg,0.19159858883335246,1,0.0014015877056577336,3e89bf2d,
194,0.6058554406293103,1.5742295909283766,1.5718602511420179,1724489308,checkpoint_000007,True,False,8,c67079c3,2024-08-24_10-48-28,4.604948282241821,37.67707443237305,875331,antonio,192.168.1.144,37.67707443237305,8,3,32,128,dft_decomp,avg,0.19519173235757464,1,0.0007373618174381304,c67079c3,
195,0.608690863383598,1.5608431020779396,1.5608431020779396,1724489427,checkpoint_000005,True,True,6,ce472cf0,2024-08-24_10-50-27,19.354476928710938,116.97477865219116,876101,antonio,192.168.1.144,116.97477865219116,6,3,32,512,dft_decomp,avg,0.16238191883401693,1,0.0006868362229201992,ce472cf0,
196,0.6127484415153988,1.5655471228841524,1.5655471228841524,1724489546,checkpoint_000005,True,True,6,e89050e2,2024-08-24_10-52-26,19.34330701828003,116.54045844078064,876958,antonio,192.168.1.144,116.54045844078064,6,3,32,512,dft_decomp,avg,0.1844854466165716,1,0.0012741039448970943,e89050e2,
197,0.5955969527608058,1.6094484862996572,1.5886241179793628,1724489559,checkpoint_000004,True,False,5,ad9f9ee7,2024-08-24_10-52-39,1.9054782390594482,10.422794342041016,877820,antonio,192.168.1.144,10.422794342041016,5,3,32,16,dft_decomp,avg,0.18933198384643188,1,0.0009984560293170798,ad9f9ee7,
198,0.6300263886080414,1.6016024813723209,1.6016024813723209,1724489678,checkpoint_000005,True,True,6,a6ba4dfe,2024-08-24_10-54-38,19.419373512268066,116.97971439361572,878298,antonio,192.168.1.144,116.97971439361572,6,3,32,512,dft_decomp,avg,0.19088180577389038,1,0.0017278268567660923,a6ba4dfe,
199,0.6099945235936368,1.5613974484045114,1.5613974484045114,1724489797,checkpoint_000005,True,True,6,e9bab2a2,2024-08-24_10-56-37,19.33438491821289,116.66270136833191,879155,antonio,192.168.1.144,116.66270136833191,6,3,32,512,dft_decomp,avg,0.1570244443762689,1,0.0005068876971067664,e9bab2a2,
200,0.6122395423103552,1.5644516046367474,1.5644516046367474,1724489916,checkpoint_000005,True,True,6,6011a59d,2024-08-24_10-58-36,19.36936354637146,116.94069504737854,880016,antonio,192.168.1.144,116.94069504737854,6,3,32,512,dft_decomp,avg,0.1727189243882303,1,0.0010800833632857167,6011a59d,
201,0.6100884261922758,1.5691405169999422,1.568057539747722,1724489956,checkpoint_000007,True,False,8,200e6a60,2024-08-24_10-59-16,4.604245185852051,37.57823371887207,880876,antonio,192.168.1.144,37.57823371887207,8,3,32,128,dft_decomp,avg,0.1816175579210425,1,0.0005537499065827792,200e6a60,
202,0.6091003016125961,1.5624845107989525,1.5624845107989525,1724490075,checkpoint_000005,True,True,6,4b600fca,2024-08-24_11-01-15,19.33283758163452,116.73773002624512,881642,antonio,192.168.1.144,116.73773002624512,6,3,32,512,dft_decomp,avg,0.19327951533013224,1,0.0009224941015270803,4b600fca,
203,0.6064849087937934,1.5943738319980565,1.5831207935489826,1724490087,checkpoint_000004,True,False,5,57a34c3f,2024-08-24_11-01-27,1.816680908203125,10.131376266479492,882504,antonio,192.168.1.144,10.131376266479492,5,3,32,16,dft_decomp,avg,0.08094664841435908,1,0.0007078082011437947,57a34c3f,
204,0.6371658923196011,1.6171503013639308,1.6171503013639308,1724490205,checkpoint_000005,True,True,6,d0246aac,2024-08-24_11-03-25,19.245452404022217,116.072927236557,882976,antonio,192.168.1.144,116.072927236557,6,3,32,512,dft_decomp,avg,0.18361716135597894,1,0.002716064208212406,d0246aac,
205,0.6087072480653153,1.5981191174307865,1.5898141416151133,1724490217,checkpoint_000004,True,False,5,02865d3f,2024-08-24_11-03-37,1.8487823009490967,9.96041488647461,883834,antonio,192.168.1.144,9.96041488647461,5,3,32,8,dft_decomp,avg,0.19814814651047163,1,0.0008403228854311038,02865d3f,
206,0.6086842869637442,1.5861603332989251,1.579322825616865,1724490230,checkpoint_000004,True,False,5,b7d049c3,2024-08-24_11-03-50,1.990344524383545,11.000513553619385,884306,antonio,192.168.1.144,11.000513553619385,5,3,32,32,dft_decomp,avg,0.18654113034104666,1,0.001164681695894244,b7d049c3,
207,0.6067223973678909,1.5615892127708153,1.5615892127708153,1724490334,checkpoint_000004,True,True,5,c51ecaa3,2024-08-24_11-05-34,20.287186861038208,101.95651912689209,884784,antonio,192.168.1.144,101.95651912689209,5,3,16,512,dft_decomp,avg,0.1954953746219174,1,0.0005951851971070625,c51ecaa3,
208,0.6091604979067552,1.5618334928555275,1.5618334928555275,1724490453,checkpoint_000005,True,True,6,357752e6,2024-08-24_11-07-33,19.268967628479004,116.5849187374115,885531,antonio,192.168.1.144,116.5849187374115,6,3,32,512,dft_decomp,avg,0.19442213265854993,1,0.0006398194364175005,357752e6,
209,0.6134806531863134,1.5697280835749499,1.568644177557817,1724490519,checkpoint_000006,True,False,7,c133f168,2024-08-24_11-08-39,9.075361490249634,64.12443828582764,886391,antonio,192.168.1.144,64.12443828582764,7,3,32,256,dft_decomp,avg,0.19247712909575532,1,0.0005035578520545156,c133f168,
210,0.5707625515881132,1.6063484166985127,1.5760541068973826,1724490545,checkpoint_000004,True,False,5,900a3892,2024-08-24_11-09-05,4.595843553543091,23.8111093044281,887163,antonio,192.168.1.144,23.8111093044281,5,3,32,128,dft_decomp,avg,0.1726124274522731,1,0.0024243021300306587,900a3892,
211,0.6092813347206741,1.5623590145538102,1.5623590145538102,1724490664,checkpoint_000005,True,True,6,53826d9b,2024-08-24_11-11-04,19.291016340255737,116.59227561950684,887677,antonio,192.168.1.144,116.59227561950684,6,3,32,512,dft_decomp,avg,0.18714202844144545,1,0.0007785114135469471,53826d9b,
212,0.609492676755402,1.5601395174309058,1.5601395174309058,1724490768,checkpoint_000004,True,True,5,3a1d2a04,2024-08-24_11-12-48,20.215174674987793,101.70939612388611,888538,antonio,192.168.1.144,101.70939612388611,5,3,16,512,dft_decomp,avg,0.2070595555423195,1,0.0009798998493740878,3a1d2a04,
213,0.5588833084501372,1.6106846275152984,1.5998813099331326,1724490807,checkpoint_000007,True,False,8,edfffb25,2024-08-24_11-13-27,4.686943769454956,36.32240629196167,889285,antonio,192.168.1.144,36.32240629196167,8,3,16,16,dft_decomp,avg,0.21139169993416249,2,0.001797359274460965,edfffb25,
214,0.5819065897498882,1.6149514083509091,1.5839208426298919,1724490826,checkpoint_000004,True,False,5,d2417067,2024-08-24_11-13-46,3.4157142639160156,17.467721939086914,890045,antonio,192.168.1.144,17.467721939086914,5,3,16,8,dft_decomp,avg,0.20726846840543509,1,0.0015722569937220926,d2417067,
215,0.6123120472718845,1.5607471033378884,1.5607471033378884,1724490930,checkpoint_000004,True,True,5,7e214e37,2024-08-24_11-15-30,20.227012157440186,101.40486550331116,890541,antonio,192.168.1.144,101.40486550331116,5,3,16,512,dft_decomp,avg,0.22399946400647813,1,0.001322076645534857,7e214e37,
216,0.6033038535976215,1.5823608420513295,1.5685587295779475,1724490951,checkpoint_000004,True,False,5,2522db72,2024-08-24_11-15-51,3.396308422088623,18.28610897064209,891290,antonio,192.168.1.144,18.28610897064209,5,3,16,32,dft_decomp,avg,0.21281611670469136,1,0.0010287728950526093,2522db72,
217,0.6026648934511563,1.5661218727076496,1.561566087051674,1724491055,checkpoint_000004,True,True,5,1056450c,2024-08-24_11-17-35,20.775135278701782,103.19054579734802,891786,antonio,192.168.1.144,103.19054579734802,5,3,16,512,dft_decomp,avg,0.22220666562177543,1,0.000882675214462919,1056450c,
218,0.5817645877173098,1.5864308913548788,1.5678731357609783,1724491129,checkpoint_000004,True,False,5,ff9d8cef,2024-08-24_11-18-49,14.252708673477173,72.16015672683716,892569,antonio,192.168.1.144,72.16015672683716,5,3,16,256,dft_decomp,avg,0.2332379877260029,2,0.0012449576382368075,ff9d8cef,
219,0.6075638217550602,1.5733938459996824,1.5695016724091988,1724491233,checkpoint_000004,True,True,5,0e61f2c7,2024-08-24_11-20-33,20.1939754486084,101.93153190612793,893228,antonio,192.168.1.144,101.93153190612793,5,3,16,512,dft_decomp,avg,0.20777341530998944,1,0.0014428627245130362,0e61f2c7,
220,0.558180638739424,1.626433170724798,1.5680440628970111,1724491263,checkpoint_000004,True,False,5,38db6a71,2024-08-24_11-21-03,5.274087429046631,27.269048929214478,893975,antonio,192.168.1.144,27.269048929214478,5,3,16,128,dft_decomp,avg,0.16578890227708196,1,0.0019403492095861606,38db6a71,
